Time (UTC),Time (Local),Name,Unit,Quantity,Mass (g),Ingredients,Calories (kcal),Carbs (g),Fat (g),Protein (g),Saturated Fat (g),Trans Fat (g),Monounsaturated Fat (g),Polyunsaturated Fat (g),Cholesterol (mg),Sodium (mg),Fiber (g),Sugar (g),Sugar Added (g),Vitamin D (mg),Calcium (mg),Iron (mg),Potassium (mg),Vitamin A (IU),Vitamin C (mg),Alcohol (g),Sugar Alcohol (g),Vitamin B12 (µg),Vitamin B12 Added (µg),Vitamin B6 (mg),Vitamin E (mg),Vitamin E Added (mg),Magnesium (mg),Phosphorus (mg),Iodine (µg)
2025-07-27T22:38:34.000Z,2025-07-27T18:38:34,"pork chop","chop without refuse",1,157,"null",328.13,0,17.3642,40.2077,5.5233,0.168,6.6254,2.1336,131.88,86.35,0,0,0,47.1,37.68,1.2403,540.08,9.42,0,0,0,0.9263,0,1.0503,0,0,39.25,345.4,0
2025-07-27T22:38:34.000Z,2025-07-27T18:38:34,"watermelon","cup",0.5,76.5,"null",22.95,5.7758,0.1148,0.4667,0.0122,0,0.0283,0.0383,0,0.765,0.306,4.743,0,0,5.355,0.1836,85.68,435.285,6.1965,0,0,0,0,0.0344,0,0,7.65,8.415,0
2025-07-27T20:20:27.000Z,2025-07-27T16:20:27,"blackberries","bowl",1,288,"null",123.84,27.6768,1.4112,4.0032,0.0403,0,0.1354,0.8064,0,2.88,15.264,14.0544,0,0,83.52,1.7856,466.56,616.32,60.48,0,0,0,0,0.0864,0,0,57.6,63.36,0
2025-07-27T20:20:27.000Z,2025-07-27T16:20:27,"popcorn","bowl",1,15.8,"null",88.006,8.7153,5.3752,1.185,1.1401,1.5487,3.3406,0.3779,0,120.712,1.58,0.0869,0,0,3.16,0.2923,37.92,35.234,0.0158,0,0,0,0,0.0446,0,0,14.852,39.658,0
2025-07-27T16:55:00.000Z,2025-07-27T12:55:00,"butter beans","cup",1,188,"null",216.2,39.2544,0.7144,14.664,0.1673,0,0.0639,0.3215,0,3.76,13.16,5.452,0,0,31.96,4.4932,955.04,0,0,0,0,0,0,0.3027,0,0,80.84,208.68,0
2025-07-27T16:55:00.000Z,2025-07-27T12:55:00,"red peppers","pepper",1,114,"null",31.92,7.638,0.228,1.0488,0.0331,0,0.0148,0.1208,0,2.28,1.368,5.0046,0,0,10.26,0.5244,189.24,3352.74,194.94,0,0,0,0,0.2656,0,0,11.4,20.52,0
2025-07-27T16:55:00.000Z,2025-07-27T12:55:00,"vegetable dip","tablespoons",2,30,"null",87.779,0.7416,9.2958,0.5356,3.2472,0.0127,2.229,3.2154,13.9311,344.8035,0.0244,0.6711,0,3.4581,25.6827,0.102,37.232,185.3533,0.9263,0,0,0.0678,0,0.0144,0,0,2.6462,26.5215,0
2025-07-27T16:55:00.000Z,2025-07-27T12:55:00,"chicken wing","wingette or drummette",1,26.79,"null",87.7383,2.6364,6.5091,4.5265,2.3143,0.0637,2.4354,1.2074,21.9538,105.2761,0.1077,0.0649,0,1.1662,5.3302,0.3109,45.8834,112.7358,0.6994,0,0,0.0596,0,0.0734,0,0,4.0566,28.5265,0
2025-07-27T15:14:52.000Z,2025-07-27T11:14:52,"peanut butter","tbsp",2,32,"null",188.16,7.6736,15.8528,7.0176,3.0461,0,6.6323,3.6259,0,152.32,1.824,2.08,0,0,17.28,0.6912,189.44,0,0,0,0,0,0,0.1763,0,0,57.28,107.2,0
2025-07-27T11:25:35.000Z,2025-07-27T07:25:35,"egg","large",1,50,"null",71.5,0.36,4.755,6.28,1.563,0.019,1.829,0.9555,186,71,0,0.185,0,41,28,0.875,69,270,0,0,0,0.445,0,0.085,0,0,6,99,0
2025-07-27T11:25:35.000Z,2025-07-27T07:25:35,"matcha","tsp",1,2,"null",0.02,0,0,0.0044,0,0,0,0,0,0.02,0,0,0,0,0,0.0004,0.16,0,0.006,0,0,0,0,0.0001,0,0,0.02,0,0
2025-07-27T11:25:35.000Z,2025-07-27T07:25:35,"strawberries","g",90,90,"null",28.8,6.912,0.27,0.603,0.0135,0,0.0387,0.1395,0,0.9,1.8,4.401,0,0,14.4,0.369,137.7,10.8,52.92,0,0,0,0,0.0423,0,0,11.7,21.6,0
2025-07-27T11:25:35.000Z,2025-07-27T07:25:35,"milk","cup",1,244,"null",122,11.712,4.8312,8.052,3.0671,0.2074,1.3664,0.1781,19.52,114.68,0,12.3464,0,119.56,292.8,0.0488,341.6,463.6,0.488,0,0,1.2932,0,0.0927,0,0,26.84,224.48,0
2025-07-27T11:15:39.000Z,2025-07-27T07:15:39,"egg","large",1,50,"null",71.5,0.36,4.755,6.28,1.563,0.019,1.829,0.9555,186,71,0,0.185,0,41,28,0.875,69,270,0,0,0,0.445,0,0.085,0,0,6,99,0
2025-07-26T23:02:05.000Z,2025-07-26T19:02:05,"chicken wings","wingette or drummette",8,214.32,"null",701.9061,21.0911,52.0731,36.2117,18.5145,0.5097,19.4832,9.6594,175.6305,842.2085,0.8615,0.5192,0,9.3295,42.6417,2.4873,367.0672,901.8867,5.5955,0,0,0.4764,0,0.5874,0,0,32.4526,228.2123,0
2025-07-26T23:02:05.000Z,2025-07-26T19:02:05,"radish","medium (3/4" to 1" dia)",1,4.5,"null",0.72,0.153,0.0045,0.0306,0.0014,0,0.0008,0.0022,0,1.755,0.072,0.0837,0,0,1.125,0.0153,10.485,0.315,0.666,0,0,0,0,0.0032,0,0,0.45,0.9,0
2025-07-26T19:14:59.847Z,2025-07-26T15:14:59,"cookie","medium (3" diameter)",0.5,15,"null",73.8,9.804,3.708,0.765,1.2137,0.1026,0.9408,1.2626,0,46.65,0.3,4.935,0,0,3.15,0.837,25.65,0.15,0,0,0,0.0045,0,0.0087,0,0,6.15,16.35,0
2025-07-26T16:07:11.705Z,2025-07-26T12:07:11,"sandwich roll","sandwich roll",1,52,"null",144.04,26.104,2.236,4.472,0.5002,0,1.0197,0.4337,0,298.48,1.664,0.1612,0,0,47.32,1.4092,59.28,0,0,0,0,0,0,0.0203,0,0,10.4,43.68,0
2025-07-26T16:07:11.705Z,2025-07-26T12:07:11,"sliced ham","oz",2,56.7,"null",78.813,0.601,2.8917,12.5761,0.5387,0.0057,1.0915,0.3544,36.288,553.959,0,0.601,0,18.711,2.268,0.4706,195.615,24.381,0,0,0,0.2835,0,0.2393,0,0,12.474,174.636,0
2025-07-26T16:07:11.705Z,2025-07-26T12:07:11,"sliced turkey","oz",2,56.7,"null",63.504,4.3659,1.701,7.6545,0.0669,0,0.3351,0.2098,31.185,680.4,0.2268,2.268,0,0,9.072,1.2474,197.883,4.536,5.67,0,0,0.1247,0,0.1667,0,0,11.34,89.586,0
2025-07-26T16:07:11.705Z,2025-07-26T12:07:11,"lettuce","leaf",1,17,"null",2.89,0.5593,0.051,0.2091,0.0066,0,0.002,0.0272,0,1.36,0.357,0.2023,0,0,5.61,0.1649,41.99,1480.7,0.68,0,0,0,0,0.0126,0,0,2.38,5.1,0
2025-07-26T16:07:11.705Z,2025-07-26T12:07:11,"pickle","slices",2,14,"null",1.68,0.3374,0.042,0.07,0.0111,0,0.0007,0.0171,0,113.26,0.14,0.1498,0,0,7.98,0.0364,16.38,17.5,0.322,0,0,0,0,0.0049,0,0,0.98,2.24,0
2025-07-26T16:07:11.705Z,2025-07-26T12:07:11,"apple","medium",1,182,"null",94.64,25.1342,0.3094,0.4732,0.051,0,0.0127,0.0928,0,1.82,4.368,18.9098,0,0,10.92,0.2184,194.74,98.28,8.372,0,0,0,0,0.0746,0,0,9.1,20.02,0
2025-07-26T16:07:11.705Z,2025-07-26T12:07:11,"mixed salad greens","cup",1,226.8,"null",53.298,11.2304,0.5216,3.2924,0.0748,0,0.0227,0.2563,0,83.538,4.4226,4.8875,0,0,99.792,2.2869,643.734,16562.448,40.446,0,0,0,0,0.2827,0,0,53.298,72.954,0
2025-07-26T16:07:11.705Z,2025-07-26T12:07:11,"cherry tomatoes","cherry",4,68,"null",12.24,2.6452,0.136,0.5984,0.019,0,0.0211,0.0564,0,3.4,0.816,1.7884,0,0,6.8,0.1836,161.16,566.44,9.316,0,0,0,0,0.0544,0,0,7.48,16.32,0
2025-07-26T16:07:11.705Z,2025-07-26T12:07:11,"cucumber","slices",4,222,"null",33.3,8.0586,0.2442,1.443,0.0821,0,0.0111,0.071,0,4.44,1.11,3.7074,0,0,35.52,0.6216,326.34,233.1,6.216,0,0,0,0,0.0888,0,0,28.86,53.28,0
2025-07-26T16:07:11.705Z,2025-07-26T12:07:11,"sunflower seeds","tbsp",1,8,"null",43.68,1.2248,3.984,1.5464,0.4175,0,0.7604,2.6307,0,480.64,0.72,0.2184,0,0,5.6,0.304,68,0.72,0.112,0,0,0,0,0.0643,0,0,10.32,92.4,0
2025-07-26T12:30:33.000Z,2025-07-26T08:30:33,"rye bread","slice, regular",1,32,"null",82.88,15.456,1.056,2.72,0.2003,0,0.4195,0.2557,0,192.96,1.856,1.232,0,0,23.36,0.9056,53.12,2.24,0.128,0,0,0,0,0.024,0,0,12.8,40,0
2025-07-26T12:30:33.000Z,2025-07-26T08:30:33,"butter","tbsp",1,14.2,"null",101.814,0.0085,11.5176,0.1207,7.2943,0.4655,2.985,0.4321,30.53,91.306,0,0.0085,0,0,3.408,0.0028,3.408,354.858,0,0,0,0.0241,0,0.0004,0,0,0.284,3.408,0
2025-07-26T12:30:33.000Z,2025-07-26T08:30:33,"caviar","tbsp",1,16,"null",42.24,0.64,2.864,3.936,0.6496,0,0.741,1.1848,94.08,240,0,0,0,18.72,44,1.9008,28.96,144.8,0,0,0,3.2,0,0.0512,0,0,48,56.96,0
2025-07-26T12:30:33.000Z,2025-07-26T08:30:33,"matcha","g",4,4,"null",0.04,0,0,0.0088,0,0,0,0,0,0.04,0,0,0,0,0,0.0008,0.32,0,0.012,0,0,0,0,0.0002,0,0,0.04,0,0
2025-07-26T01:24:35.000Z,2025-07-25T21:24:35,"taro bubble tea","fl oz",16,575.8,"null",278.2155,67.5564,0.5981,1.1612,0.3733,0,0.1749,0.0328,2.4502,19.0046,0.4515,22.4743,0,12.2511,51.8128,0.8658,105.3959,62.4804,0.3063,0,0,0.1164,0,0.0178,0,0,9.5313,36.5127,0
2025-07-26T01:24:35.000Z,2025-07-25T21:24:35,"fried chicken","piece",1,140,"null",376.6,4.41,20.888,39.984,5.684,0,8.246,4.774,126,117.6,0.14,0,0,8.4,23.8,1.932,327.6,124.6,0,0,0,0.434,0,0.574,0,0,35,267.4,0
2025-07-26T01:24:35.000Z,2025-07-25T21:24:35,"fries","serving medium",1,117,"null",365.04,48.4848,17.2341,4.0131,2.7331,0.0702,6.9837,6.3157,0,245.7,4.446,0.351,0,0,21.06,0.9477,677.43,0,5.499,0,0,0,0,0.4352,0,0,40.95,146.25,0
2025-07-25T22:18:22.000Z,2025-07-25T18:18:22,"pb","tbsp",1,16,"null",94.08,3.8368,7.9264,3.5088,1.523,0,3.3162,1.813,0,76.16,0.912,1.04,0,0,8.64,0.3456,94.72,0,0,0,0,0,0,0.0882,0,0,28.64,53.6,0
2025-07-25T21:40:05.000Z,2025-07-25T17:40:05,"pop","bowls",2,982.4,"null",412.608,101.7766,2.456,0,0,0,0,0,0,29.472,0,97.6506,0,0,9.824,0.1965,49.12,0,0,0,0,0,0,0,0,0,0,88.416,0
2025-07-25T12:45:59.049Z,2025-07-25T08:45:59,"matcha","g",4,4,"null",0.04,0,0,0.0088,0,0,0,0,0,0.04,0,0,0,0,0,0.0008,0.32,0,0.012,0,0,0,0,0.0002,0,0,0.04,0,0
2025-07-25T12:45:59.049Z,2025-07-25T08:45:59,"milk","cup",1,244,"null",122,11.712,4.8312,8.052,3.0671,0.2074,1.3664,0.1781,19.52,114.68,0,12.3464,0,119.56,292.8,0.0488,341.6,463.6,0.488,0,0,1.2932,0,0.0927,0,0,26.84,224.48,0
2025-07-25T12:45:59.049Z,2025-07-25T08:45:59,"strawberries","g",85,85,"null",27.2,6.528,0.255,0.5695,0.0128,0,0.0366,0.1318,0,0.85,1.7,4.1565,0,0,13.6,0.3485,130.05,10.2,49.98,0,0,0,0,0.04,0,0,11.05,20.4,0
2025-07-25T12:20:59.000Z,2025-07-25T08:20:59,"white rice","g",120,120,"null",156,33.804,0.336,3.228,0.0924,0,0.1056,0.0912,0,1.2,0.48,0.06,0,0,12,1.44,42,0,0,0,0,0,0,0.1116,0,0,14.4,51.6,0
2025-07-25T12:20:59.000Z,2025-07-25T08:20:59,"tomatos","medium whole (2-3/5" dia)",1,123,"null",22.14,4.7847,0.246,1.0824,0.0344,0,0.0381,0.1021,0,6.15,1.476,3.2349,0,0,12.3,0.3321,291.51,1024.59,16.851,0,0,0,0,0.0984,0,0,13.53,29.52,0
2025-07-25T12:20:59.000Z,2025-07-25T08:20:59,"eggs","large",3,150,"null",214.5,1.08,14.265,18.84,4.689,0.057,5.487,2.8665,558,213,0,0.555,0,123,84,2.625,207,810,0,0,0,1.335,0,0.255,0,0,18,297,0
2025-07-25T12:20:59.000Z,2025-07-25T08:20:59,"sriracha","tsp",1,6.5,"null",6.045,1.2454,0.0605,0.1255,0,0,0,0,0,138.06,0.143,0.9822,0,0,1.17,0.1066,20.865,167.31,1.7485,0,0,0,0,0.0296,0,0,1.04,2.99,0
2025-07-24T23:59:11.164Z,2025-07-24T19:59:11,"caesar dressing","serving (2 tbsp)",1,30,"null",162.6,0.99,17.355,0.651,2.6367,0,4.0512,9.8571,11.7,362.7,0.15,0.843,0,1.5,14.4,0.324,8.7,10.2,0.09,0,0,0.009,0,0.0075,0,0,0.6,5.7,0
2025-07-24T23:59:11.164Z,2025-07-24T19:59:11,"lamb ribs","rib",1,46,"null",165.14,0,13.7172,9.7152,5.8742,0,5.7592,0.9982,44.62,33.58,0,0,0,0,10.12,0.736,124.66,0,0,0,0,1.0258,0,0.0506,0,0,9.2,76.36,0
2025-07-24T23:59:11.164Z,2025-07-24T19:59:11,"baby kale","cup, chopped",1,130,"null",36.4,7.319,0.52,2.47,0.0676,0,0.039,0.2509,0,29.9,2.6,1.625,0,0,93.6,1.17,296.4,17707.3,53.3,0,0,0,0,0.1794,0,0,23.4,36.4,0
2025-07-24T22:58:09.080Z,2025-07-24T18:58:09,"pop","bowl",1,491.2,"null",206.304,50.8883,1.228,0,0,0,0,0,0,14.736,0,48.8253,0,0,4.912,0.0982,24.56,0,0,0,0,0,0,0,0,0,0,44.208,0
2025-07-24T22:58:09.080Z,2025-07-24T18:58:09,"popcorn","cup",1,7.9,"null",44.003,4.3576,2.6876,0.5925,0.5701,0.7744,1.6703,0.189,0,60.356,0.79,0.0435,0,0,1.58,0.1462,18.96,17.617,0.0079,0,0,0,0,0.0223,0,0,7.426,19.829,0
2025-07-24T19:36:26.958Z,2025-07-24T15:36:26,"chicken breast","g",150,150,"null",247.5,0,5.355,46.53,1.515,0,1.86,1.155,127.5,111,0,0,0,7.5,22.5,1.56,384,31.5,0,0,0,0.51,0,0.9,0,0,43.5,342,0
2025-07-24T19:36:26.958Z,2025-07-24T15:36:26,"orange","fruit (2-7/8" dia)",1,140,"null",68.6,17.556,0.21,1.274,0.0238,0,0.042,0.0434,0,1.4,3.08,11.9,0,0,60.2,0.182,232.4,345.8,82.74,0,0,0,0,0.1106,0,0,15.4,32.2,0
2025-07-24T18:26:17.101Z,2025-07-24T14:26:17,"cracker","cracker",1,4,"null",20.4,2.452,1.0572,0.2656,0.2225,0.043,0.2621,0.5255,0,29.04,0.092,0.3272,0,0,4.8,0.1612,4.72,0,0,0,0,0,0,0.0025,0,0,0.72,9.92,0
2025-07-24T18:26:17.101Z,2025-07-24T14:26:17,"pb","g",32,32,"null",188.16,7.6736,15.8528,7.0176,3.0461,0,6.6323,3.6259,0,152.32,1.824,2.08,0,0,17.28,0.6912,189.44,0,0,0,0,0,0,0.1763,0,0,57.28,107.2,0
2025-07-24T15:00:55.000Z,2025-07-24T11:00:55,"espresso shot","fl oz",1,29.6,"null",2.664,0.4943,0.0533,0.0355,0.0272,0,0,0.0272,0,4.144,0,0,0,0,0.592,0.0385,34.04,0,0.0592,0,0,0,0,0.0006,0,0,23.68,2.072,0
2025-07-24T15:00:55.000Z,2025-07-24T11:00:55,"milk","cup",1,244,"null",122,11.712,4.8312,8.052,3.0671,0.2074,1.3664,0.1781,19.52,114.68,0,12.3464,0,119.56,292.8,0.0488,341.6,463.6,0.488,0,0,1.2932,0,0.0927,0,0,26.84,224.48,0
2025-07-24T15:00:55.000Z,2025-07-24T11:00:55,"honey","g",4,4,"null",12.16,3.296,0,0.012,0,0,0,0,0,0.16,0.008,3.2848,0,0,0.24,0.0168,2.08,0,0.02,0,0,0,0,0.001,0,0,0.08,0.16,0
2025-07-24T13:15:30.000Z,2025-07-24T09:15:30,"matcha","g",4,4,"null",0.04,0,0,0.0088,0,0,0,0,0,0.04,0,0,0,0,0,0.0008,0.32,0,0.012,0,0,0,0,0.0002,0,0,0.04,0,0
2025-07-24T13:15:30.000Z,2025-07-24T09:15:30,"milk","cup",1,244,"null",122,11.712,4.8312,8.052,3.0671,0.2074,1.3664,0.1781,19.52,114.68,0,12.3464,0,119.56,292.8,0.0488,341.6,463.6,0.488,0,0,1.2932,0,0.0927,0,0,26.84,224.48,0
2025-07-24T12:14:51.123Z,2025-07-24T08:14:51,"sour dough bread","slice",1,64,"null",174.08,33.2032,1.5488,6.88,0.3386,0.0032,0.2317,0.5472,0,385.28,1.408,2.9568,0,0,33.28,2.5024,74.88,0.64,0,0,0,0,0,0.0685,0,0,20.48,67.2,0
2025-07-24T12:14:51.123Z,2025-07-24T08:14:51,"avocado","avocado, NS as to Florida or California",0.5,100.5,"null",160.8,8.5727,14.7333,2.01,2.1366,0,9.848,1.8251,0,7.035,6.7335,0.6633,0,0,12.06,0.5528,487.425,146.73,10.05,0,0,0,0,0.2583,0,0,29.145,52.26,0
2025-07-24T12:14:51.123Z,2025-07-24T08:14:51,"eggs fried","large",2,92,"null",180.32,0.7636,13.6528,12.5212,3.9772,0.0377,5.6874,2.9909,368.92,190.44,0,0.368,0,80.96,57.04,1.7388,139.84,724.04,0,0,0,0.8924,0,0.1693,0,0,11.96,197.8,0
2025-07-24T12:14:51.123Z,2025-07-24T08:14:51,"olive oil","tablespoon",1,13.5,"null",119.34,0,13.5,0,1.8641,0,9.8497,1.4206,0,0.27,0,0,0,0,0.135,0.0756,0.135,0,0,0,0,0,0,0,0,0,0,0,0
2025-07-24T12:14:51.123Z,2025-07-24T08:14:51,"pickled onion","pieces",10,1,"null",0.3853,0.09,0.001,0.0106,0.0004,0,0.0001,0.0002,0,14.2498,0.0164,0.0409,0,0,0.2304,0.0021,1.4094,0.0193,0.0713,0,0,0,0,0.0012,0,0,0.0967,0.2794,0
2025-07-24T12:14:51.123Z,2025-07-24T08:14:51,"tomatos","cup",1,164.5,"null",29.61,6.3991,0.329,1.4476,0.0461,0,0.051,0.1365,0,8.225,1.974,4.3264,0,0,16.45,0.4442,389.865,1370.285,22.5365,0,0,0,0,0.1316,0,0,18.095,39.48,0
2025-07-23T23:44:10.441Z,2025-07-23T19:44:10,"spicy crab sushi roll","roll",0.33,63.4557,"null",99.476,8.7244,4.3618,5.7676,0.6791,0.0195,1.0366,2.4765,28.7942,220.3467,0.1586,1.2797,0,0.3176,35.0142,0.3559,88.5964,44.9922,1.3475,0,0,0.9285,0,0.0727,0,0,15.4314,80.4826,0
2025-07-23T23:42:10.417Z,2025-07-23T19:42:10,"mousse","cup",0.25,101,"null",227.25,16.2307,16.16,4.1814,9.2425,0,5.0773,0.8878,141.4,38.38,0.606,14.9581,0,0,96.96,0.5555,144.43,514.09,0.101,0,0,0.4747,0,0.0586,0,0,20.2,118.17,0
2025-07-23T23:30:01.000Z,2025-07-23T19:30:01,"watermelon","wedge (approx 1/16 of melon)",1,286,"null",85.8,21.593,0.429,1.7446,0.0458,0,0.1058,0.143,0,2.86,1.144,17.732,0,0,20.02,0.6864,320.32,1627.34,23.166,0,0,0,0,0.1287,0,0,28.6,31.46,0
2025-07-23T23:30:01.000Z,2025-07-23T19:30:01,"fried pork chops","pork chop",1,139,"null",400.2473,22.4453,22.2173,26.192,4.5116,0.3089,7.6341,7.6572,124.3746,616.6511,1.4667,1.6909,0,36.5168,79.7098,2.5429,358.7662,95.4251,1.1926,0,0,0.694,0,0.5933,0,0,34.9775,253.1477,0
2025-07-23T23:30:01.000Z,2025-07-23T19:30:01,"tomatos","medium whole (2-3/5" dia)",1,123,"null",22.14,4.7847,0.246,1.0824,0.0344,0,0.0381,0.1021,0,6.15,1.476,3.2349,0,0,12.3,0.3321,291.51,1024.59,16.851,0,0,0,0,0.0984,0,0,13.53,29.52,0
2025-07-23T23:30:01.000Z,2025-07-23T19:30:01,"broccolis","floret",2,20,"null",7,1.436,0.082,0.476,0.0158,0,0.008,0.034,0,8.2,0.66,0.278,0,0,8,0.134,58.6,309.6,12.98,0,0,0,0,0.04,0,0,4.2,13.4,0
2025-07-23T22:35:53.892Z,2025-07-23T18:35:53,"papaya","cup 1" pieces",1,145,"null",62.35,15.689,0.377,0.6815,0.1175,0,0.1044,0.0841,0,11.6,2.465,11.339,0,0,29,0.3625,263.9,1377.5,88.305,0,0,0,0,0.0551,0,0,30.45,14.5,0
2025-07-23T20:55:28.000Z,2025-07-23T16:55:28,"strawberries","cup",1,173.5,"null",55.52,13.3248,0.5205,1.1625,0.026,0,0.0746,0.2689,0,1.735,3.47,8.4842,0,0,27.76,0.7114,265.455,20.82,102.018,0,0,0,0,0.0816,0,0,22.555,41.64,0
2025-07-23T20:51:55.353Z,2025-07-23T16:51:55,"grilled chicken breast","piece",1,192,"null",284.16,0,6.5088,56.64,1.943,0.025,2.544,1.369,203.52,412.8,0,0,0,1.92,11.52,0.8256,806.4,61.44,0,0,0,0.384,0,1.8893,0,0,59.52,478.08,0
2025-07-23T20:51:55.353Z,2025-07-23T16:51:55,"diced tomatoes","cup",0.25,60,"null",9.6,2.082,0.15,0.474,0.0204,0,0.024,0.0606,0,69,1.14,1.53,0,0,19.8,0.342,114.6,244.8,7.56,0,0,0,0,0.0666,0,0,6,10.2,0
2025-07-23T20:51:55.353Z,2025-07-23T16:51:55,"green bell pepper","tbsp",2,20.04,"null",5.6105,1.3425,0.0401,0.1844,0.0058,0,0.0026,0.0212,0,0.4008,0.2405,0.6392,0,0,1.8034,0.0922,33.2623,93.7755,14.9079,0,0,0,0,0.0467,0,0,2.0038,3.6068,0
2025-07-23T20:51:55.353Z,2025-07-23T16:51:55,"cheese","tbsp",2,15.31,"null",61.8625,0.4732,5.1006,3.502,2.889,0.1404,1.4158,0.2176,15.1594,99.9906,0,0.0735,0,3.675,108.7188,0.0214,11.6375,190.1813,0,0,0,0.1684,0,0.0101,0,0,4.1344,69.6719,0
2025-07-23T16:10:17.000Z,2025-07-23T12:10:17,"avocado","avocado, NS as to Florida or California",0.5,100.5,"null",160.8,8.5727,14.7333,2.01,2.1366,0,9.848,1.8251,0,7.035,6.7335,0.6633,0,0,12.06,0.5528,487.425,146.73,10.05,0,0,0,0,0.2583,0,0,29.145,52.26,0
2025-07-23T16:10:17.000Z,2025-07-23T12:10:17,"tuna roll","roll",1,159.5,"null",193.9,21.271,0.7651,24.0137,0.2557,0.0136,0.1588,0.218,33.15,67.07,0.099,0.0853,0,58.65,7.4175,1.5818,430.9875,66.675,0.2778,0,0,1.768,0,0.8454,0,0,40.8525,263.2225,0
2025-07-23T16:10:17.000Z,2025-07-23T12:10:17,"house salad","salad with dressing",1,170.38,"null",147.9812,6.3817,12.5185,3.7535,3.072,0.0864,7.4571,1.2767,9.3225,175.9619,2.7859,3.014,0,2.26,108.3509,1.2242,353.0799,11117.0238,7.6425,0,0,0.1036,0,0.1189,0,0,21.8292,84.7633,0
2025-07-23T16:10:17.000Z,2025-07-23T12:10:17,"carrot ginger dressing","tbsp",1,14.7,"null",49.4526,1.9748,4.5329,0.4691,0.6317,0,3.2966,0.4802,0,224.5454,0.0818,1.5363,0,0,1.8879,0.1907,14.3518,0.1095,0.0892,0,0,0,0,0.0134,0,0,2.3626,6.2479,0
2025-07-23T16:10:17.000Z,2025-07-23T12:10:17,"miso soup","cup",1,241.09,"null",58.9531,3.5309,2.9728,5.7853,0.5246,0,0.7204,1.4663,0.0991,1070.6836,1.1051,1.1744,0,0,138.6311,1.22,94.7924,65.4381,1.0827,0,0,0.0101,0,0.0594,0,0,23.1694,66.7768,0
2025-07-23T15:35:45.000Z,2025-07-23T11:35:45,"espresso shot","fl oz",1,29.6,"null",2.664,0.4943,0.0533,0.0355,0.0272,0,0,0.0272,0,4.144,0,0,0,0,0.592,0.0385,34.04,0,0.0592,0,0,0,0,0.0006,0,0,23.68,2.072,0
2025-07-23T15:35:45.000Z,2025-07-23T11:35:45,"honey","g",4,4,"null",12.16,3.296,0,0.012,0,0,0,0,0,0.16,0.008,3.2848,0,0,0.24,0.0168,2.08,0,0.02,0,0,0,0,0.001,0,0,0.08,0.16,0
2025-07-23T15:35:45.000Z,2025-07-23T11:35:45,"milk","cup",1,244,"null",122,11.712,4.8312,8.052,3.0671,0.2074,1.3664,0.1781,19.52,114.68,0,12.3464,0,119.56,292.8,0.0488,341.6,463.6,0.488,0,0,1.2932,0,0.0927,0,0,26.84,224.48,0
2025-07-23T12:55:29.900Z,2025-07-23T08:55:29,"turmeric","tsp",1,3,"null",9.36,2.0142,0.0975,0.2904,0.0551,0.0017,0.0135,0.0227,0,0.81,0.681,0.0963,0,0,5.04,1.65,62.4,0,0.021,0,0,0,0,0.0032,0,0,6.24,8.97,0
2025-07-23T12:55:29.900Z,2025-07-23T08:55:29,"ginger","tsp",1,2,"null",1.6,0.3554,0.015,0.0364,0.0041,0,0.0031,0.0031,0,0.26,0.04,0.034,0,0,0.32,0.012,8.3,0,0.1,0,0,0,0,0.0032,0,0,0.86,0.68,0
2025-07-23T12:55:29.900Z,2025-07-23T08:55:29,"pepper","tsp, ground",1,2.3,"null",5.773,1.4709,0.075,0.239,0.032,0,0.017,0.023,0,0.46,0.5819,0.0147,0,0,10.189,0.2233,30.567,12.581,0,0,0,0,0,0.0067,0,0,3.933,3.634,0
2025-07-23T12:55:29.900Z,2025-07-23T08:55:29,"milk","cup",1,244,"null",122,11.712,4.8312,8.052,3.0671,0.2074,1.3664,0.1781,19.52,114.68,0,12.3464,0,119.56,292.8,0.0488,341.6,463.6,0.488,0,0,1.2932,0,0.0927,0,0,26.84,224.48,0
2025-07-23T12:55:29.900Z,2025-07-23T08:55:29,"matcha","g",4,4,"null",0.04,0,0,0.0088,0,0,0,0,0,0.04,0,0,0,0,0,0.0008,0.32,0,0.012,0,0,0,0,0.0002,0,0,0.04,0,0
2025-07-23T12:55:29.900Z,2025-07-23T08:55:29,"flaxseeds","tbsp, whole",1,10.3,"null",55.002,2.9746,4.3425,1.8839,0.3773,0,0.7753,2.9592,0,3.09,2.8119,0.1597,0,0,26.265,0.5902,83.739,0,0.0618,0,0,0,0,0.0487,0,0,40.376,66.126,0
2025-07-23T12:55:29.900Z,2025-07-23T08:55:29,"chicken bone broth","cup",1,252.86,"null",40.97,0.5478,0.2715,9.3568,0.0232,0,0.0297,0.0122,2.49,486.2296,0,0.5354,0,0,14.0309,0.1982,24.01,2.49,0,0,0,0.0249,0,0.0007,0,0,4.6287,8.88,0
2025-07-23T10:50:33.000Z,2025-07-23T06:50:33,"cracker","cracker",1,4,"null",20.4,2.452,1.0572,0.2656,0.2225,0.043,0.2621,0.5255,0,29.04,0.092,0.3272,0,0,4.8,0.1612,4.72,0,0,0,0,0,0,0.0025,0,0,0.72,9.92,0
2025-07-23T10:50:33.000Z,2025-07-23T06:50:33,"pb","tbsp",1,16,"null",94.08,3.8368,7.9264,3.5088,1.523,0,3.3162,1.813,0,76.16,0.912,1.04,0,0,8.64,0.3456,94.72,0,0,0,0,0,0,0.0882,0,0,28.64,53.6,0
2025-07-23T00:17:17.517Z,2025-07-22T20:17:17,"orange","fruit (2-7/8" dia)",1,140,"null",68.6,17.556,0.21,1.274,0.0238,0,0.042,0.0434,0,1.4,3.08,11.9,0,0,60.2,0.182,232.4,345.8,82.74,0,0,0,0,0.1106,0,0,15.4,32.2,0
2025-07-23T00:07:58.613Z,2025-07-22T20:07:58,"shredded chicken","cup",0.5,67.5,"null",112.725,0,4.4753,16.8818,1.2218,0,1.6875,1.0193,50.625,50.625,0,0,0,0,8.1,0.8168,154.575,27.675,0,0,0,0.1958,0,0.2768,0,0,14.175,129.6,0
2025-07-23T00:07:58.613Z,2025-07-22T20:07:58,"kale","cup",0.25,32.5,"null",9.1,1.8298,0.13,0.6175,0.0169,0,0.0098,0.0627,0,7.475,0.65,0.4063,0,0,23.4,0.2925,74.1,4426.825,13.325,0,0,0,0,0.0449,0,0,5.85,9.1,0
2025-07-23T00:07:58.613Z,2025-07-22T20:07:58,"cannellini beans","cup",0.25,44.75,"null",62.2025,11.2278,0.1566,4.3542,0.0407,0,0.0139,0.068,0,2.685,2.8193,0.1522,0,0,40.275,1.6558,251.0475,0,0,0,0,0,0,0.0416,0,0,28.1925,50.5675,0
2025-07-23T00:07:58.613Z,2025-07-22T20:07:58,"diced tomatoes","cup",0.25,60,"null",9.6,2.082,0.15,0.474,0.0204,0,0.024,0.0606,0,69,1.14,1.53,0,0,19.8,0.342,114.6,244.8,7.56,0,0,0,0,0.0666,0,0,6,10.2,0
2025-07-23T00:07:58.613Z,2025-07-22T20:07:58,"chicken broth","cup",0.5,124.5,"null",7.47,0.5478,0.2615,0.7968,0.0162,0,0.0237,0.0112,2.49,461.895,0,0.5354,0,0,4.98,0.0872,22.41,2.49,0,0,0,0.0249,0,0,0,0,1.245,4.98,0
2025-07-22T21:30:00.000Z,2025-07-22T17:30:00,"pb","g",30,30,"null",176.4,7.194,14.862,6.579,2.8557,0,6.2178,3.3993,0,142.8,1.71,1.95,0,0,16.2,0.648,177.6,0,0,0,0,0,0,0.1653,0,0,53.7,100.5,0
2025-07-22T21:30:00.000Z,2025-07-22T17:30:00,"high fiber cracker","Cracker",1,10.31,"null",35.9611,3.5876,2.124,0.926,0.2868,0,1.0438,0.6906,0,32.5279,0.9409,0.0521,0,0,13.3069,0.3456,33.4618,0.6455,0.0082,0,0,0,0,0.0186,0,0,12.866,24.0182,0
2025-07-22T17:04:41.085Z,2025-07-22T13:04:41,"pelmeni","g",150,150,"null",314.1871,44.0608,7.6479,15.7698,2.3993,0.0233,3.198,1.2483,57.2828,420.7404,1.6527,0.968,0,12.4693,35.8752,1.2777,212.984,62.1033,1.1129,0,0,0.3849,0,0.2407,0,0,24.5624,168.3362,0
2025-07-22T17:04:41.085Z,2025-07-22T13:04:41,"vinegar","g",15,15,"null",2.7,0.006,0,0,0,0,0,0,0,0.3,0,0.006,0,0,0.9,0.0045,0.3,0,0,0,0,0,0,0,0,0,0.15,0.6,0
2025-07-22T16:59:54.200Z,2025-07-22T12:59:54,"cooked spinach","cup",0.75,135,"null",31.05,5.0625,0.351,4.0095,0.0581,0,0.0081,0.1472,0,413.1,3.24,0.5805,0,0,183.6,4.8195,629.1,14149.35,13.23,0,0,0,0,0.3267,0,0,117.45,75.6,0
2025-07-22T16:59:54.200Z,2025-07-22T12:59:54,"olive oil","tablespoon",1,13.5,"null",119.34,0,13.5,0,1.8641,0,9.8497,1.4206,0,0.27,0,0,0,0,0.135,0.0756,0.135,0,0,0,0,0,0,0,0,0,0,0,0
2025-07-22T12:03:02.000Z,2025-07-22T08:03:02,"matcha","g",4,4,"null",0.04,0,0,0.0088,0,0,0,0,0,0.04,0,0,0,0,0,0.0008,0.32,0,0.012,0,0,0,0,0.0002,0,0,0.04,0,0
2025-07-22T11:21:38.099Z,2025-07-22T07:21:38,"bone broth","cup",1,252.86,"null",40.97,0.5478,0.2715,9.3568,0.0232,0,0.0297,0.0122,2.49,486.2296,0,0.5354,0,0,14.0309,0.1982,24.01,2.49,0,0,0,0.0249,0,0.0007,0,0,4.6287,8.88,0
2025-07-22T11:21:38.099Z,2025-07-22T07:21:38,"flaxseeds","g",12,12,"null",64.08,3.4656,5.0592,2.1948,0.4396,0,0.9032,3.4476,0,3.6,3.276,0.186,0,0,30.6,0.6876,97.56,0,0.072,0,0,0,0,0.0568,0,0,47.04,77.04,0
2025-07-22T11:21:38.099Z,2025-07-22T07:21:38,"turmeric","tsp",1,3,"null",9.36,2.0142,0.0975,0.2904,0.0551,0.0017,0.0135,0.0227,0,0.81,0.681,0.0963,0,0,5.04,1.65,62.4,0,0.021,0,0,0,0,0.0032,0,0,6.24,8.97,0
2025-07-22T11:21:38.099Z,2025-07-22T07:21:38,"ginger","tsp",1,2,"null",1.6,0.3554,0.015,0.0364,0.0041,0,0.0031,0.0031,0,0.26,0.04,0.034,0,0,0.32,0.012,8.3,0,0.1,0,0,0,0,0.0032,0,0,0.86,0.68,0
2025-07-22T11:20:58.069Z,2025-07-22T07:20:58,"fried egg","large",1,46,"null",90.16,0.3818,6.8264,6.2606,1.9886,0.0189,2.8437,1.4955,184.46,95.22,0,0.184,0,40.48,28.52,0.8694,69.92,362.02,0,0,0,0.4462,0,0.0846,0,0,5.98,98.9,0
2025-07-22T11:20:58.069Z,2025-07-22T07:20:58,"pasta","cup",1,122,"null",192.76,37.6492,1.1346,7.076,0.2147,0,0.1598,0.3977,0,1.22,2.196,0.6832,0,0,8.54,1.5616,53.68,0,0,0,0,0,0,0.0598,0,0,21.96,70.76,0
2025-07-22T11:20:58.069Z,2025-07-22T07:20:58,"tomato sauce","cup",0.25,61.25,"null",14.7,3.2524,0.1838,0.735,0.0251,0,0.0276,0.0741,0,290.325,0.9188,2.1805,0,0,8.575,0.588,181.9125,266.4375,4.2875,0,0,0,0,0.06,0,0,9.1875,16.5375,0
2025-07-22T11:20:58.069Z,2025-07-22T07:20:58,"onion","tbsp chopped",2,30,"null",13.2,3.045,0.057,0.408,0.0093,0,0.0081,0.0219,0,0.9,0.42,1.419,0,0,6.6,0.072,49.8,0.6,1.56,0,0,0,0,0.0387,0,0,3.3,10.5,0
2025-07-22T11:20:58.069Z,2025-07-22T07:20:58,"chopped parsley","tbsp",1,3.8,"null",1.368,0.2405,0.03,0.1129,0.005,0,0.0112,0.0047,0,2.128,0.1254,0.0323,0,0,5.244,0.2356,21.052,320.112,5.054,0,0,0,0,0.0034,0,0,1.9,2.204,0
2025-07-22T11:20:58.069Z,2025-07-22T07:20:58,"cooked chicken","cup",0.5,67.5,"null",148.5,0.0338,8.8223,16.173,2.4705,0,3.5235,1.9238,63.45,47.925,0,0,0,0,8.775,1.0868,137.7,402.975,0.27,0,0,0.5265,0,0.2295,0,0,13.5,120.825,0
2025-07-21T22:30:07.000Z,2025-07-21T18:30:07,"peanut butter chocolate ice cream","serving",1,85,"null",300.296,17.8966,22.8335,8.4522,8.5991,0,8.1854,3.3129,35.52,156.552,2.0034,11.9482,0,7.104,97.996,1.1611,293.632,422.096,0.296,0,0,0.1066,0,0.1617,0,0,65.126,154.51,0
2025-07-21T22:30:07.000Z,2025-07-21T18:30:07,"sugar cone","oz",1,28.35,"null",113.967,23.8424,1.0773,2.2397,0.1625,0,0.4168,0.4116,0,84.483,0.482,7.2746,0,0,12.474,1.2559,41.1075,0,0,0,0,0,0,0.0147,0,0,8.7885,29.2005,0
2025-07-21T18:49:57.024Z,2025-07-21T14:49:57,"tortellini pasta","cup",1,108,"null",331.56,50.76,7.8084,14.58,3.888,0,2.2313,0.4979,45.36,438.48,2.052,1.026,0,0,164.16,1.62,96.12,154.44,0,0,0,0.1728,0,0.0464,0,0,22.68,228.96,0
2025-07-21T18:49:57.024Z,2025-07-21T14:49:57,"black pepper","tsp",0.25,0.65,"null",1.6315,0.4157,0.0212,0.0675,0.0091,0,0.0048,0.0065,0,0.13,0.1645,0.0042,0,0,2.8795,0.0631,8.6385,3.5555,0,0,0,0,0,0.0019,0,0,1.1115,1.027,0
2025-07-21T18:49:57.024Z,2025-07-21T14:49:57,"kimchi","cup",1,150,"null",22.5,3.6,0.75,1.65,0.1005,0,0.0555,0.3615,0,747,2.4,1.59,0,0,49.5,3.75,226.5,139.5,0,0,0,0,0,0.3195,0,0,21,36,0
2025-07-21T17:57:22.941Z,2025-07-21T13:57:22,"crispbread","crispbread",1,10,"null",36.6,8.22,0.13,0.79,0.0145,0,0.0165,0.0557,0,41,1.65,0.107,0,0,3.1,0.243,31.9,0,0,0,0,0,0,0.021,0,0,7.8,26.9,0
2025-07-21T17:57:22.941Z,2025-07-21T13:57:22,"cracker","cracker",1,4,"null",20.4,2.452,1.0572,0.2656,0.2225,0.043,0.2621,0.5255,0,29.04,0.092,0.3272,0,0,4.8,0.1612,4.72,0,0,0,0,0,0,0.0025,0,0,0.72,9.92,0
2025-07-21T17:57:22.941Z,2025-07-21T13:57:22,"crunchy peanut butter","g",30,30,"null",176.7,6.471,14.982,7.218,2.2821,0,6.9369,4.1796,0,145.8,2.4,2.523,0,0,13.5,0.57,223.5,0,0,0,0,0,0,0.1254,0,0,48,95.7,0
2025-07-21T15:38:21.222Z,2025-07-21T11:38:21,"coco","tbsp",1,5,"null",20.5,3,0.5,1,0,0,0,0,0,0,1,0,0,0,0,1.8,0,0,0,0,0,0,0,0,0,0,0,0,0
2025-07-21T15:38:21.222Z,2025-07-21T11:38:21,"cocoa","tbsp",1,5,"null",20.5,3,0.5,1,0,0,0,0,0,0,1,0,0,0,0,1.8,0,0,0,0,0,0,0,0,0,0,0,0,0
2025-07-21T12:44:40.898Z,2025-07-21T08:44:40,"green juice","oz",8,246.4,"null",83.3054,20.6393,0.4829,1.4009,0.0768,0,0.0344,0.1309,0,45.3518,4.515,13.8851,0,0,46.4655,0.5282,392.1773,840.613,19.9567,0,0,0,0,0.1433,0,0,23.5009,45.3518,0
2025-07-21T12:44:40.898Z,2025-07-21T08:44:40,"fried egg","large",2,92,"null",180.32,0.7636,13.6528,12.5212,3.9772,0.0377,5.6874,2.9909,368.92,190.44,0,0.368,0,80.96,57.04,1.7388,139.84,724.04,0,0,0,0.8924,0,0.1693,0,0,11.96,197.8,0
2025-07-21T12:44:40.898Z,2025-07-21T08:44:40,"toast","slices",2,44,"null",127.6,23.98,1.76,3.96,0.3362,0,0.3502,0.9196,0.44,236.28,1.276,2.728,0,0,52.36,1.4652,57.64,0.44,0,0,0,0.0088,0,0.0277,0,0,11.44,45.32,0
2025-07-21T12:44:40.898Z,2025-07-21T08:44:40,"dill","tbsp",1,0.56,"null",0.2392,0.0391,0.0062,0.0193,0.0003,0,0.0045,0.0005,0,0.3393,0.0117,0,0,0,1.157,0.0367,4.1051,42.9314,0.4728,0,0,0,0,0.001,0,0,0.3059,0.3671,0
2025-07-21T11:06:40.504Z,2025-07-21T07:06:40,"chicken bone broth","cup",1,252.86,"null",40.97,0.5478,0.2715,9.3568,0.0232,0,0.0297,0.0122,2.49,486.2296,0,0.5354,0,0,14.0309,0.1982,24.01,2.49,0,0,0,0.0249,0,0.0007,0,0,4.6287,8.88,0
2025-07-21T11:06:40.504Z,2025-07-21T07:06:40,"flaxseeds","g",12,12,"null",64.08,3.4656,5.0592,2.1948,0.4396,0,0.9032,3.4476,0,3.6,3.276,0.186,0,0,30.6,0.6876,97.56,0,0.072,0,0,0,0,0.0568,0,0,47.04,77.04,0
2025-07-21T11:06:40.504Z,2025-07-21T07:06:40,"turmeric","tsp",1,3,"null",9.36,2.0142,0.0975,0.2904,0.0551,0.0017,0.0135,0.0227,0,0.81,0.681,0.0963,0,0,5.04,1.65,62.4,0,0.021,0,0,0,0,0.0032,0,0,6.24,8.97,0
2025-07-21T11:06:40.504Z,2025-07-21T07:06:40,"ginger","tsp",1,2,"null",1.6,0.3554,0.015,0.0364,0.0041,0,0.0031,0.0031,0,0.26,0.04,0.034,0,0,0.32,0.012,8.3,0,0.1,0,0,0,0,0.0032,0,0,0.86,0.68,0
2025-07-21T11:06:40.504Z,2025-07-21T07:06:40,"pepper","tsp, ground",1,2.3,"null",5.773,1.4709,0.075,0.239,0.032,0,0.017,0.023,0,0.46,0.5819,0.0147,0,0,10.189,0.2233,30.567,12.581,0,0,0,0,0,0.0067,0,0,3.933,3.634,0
2025-07-20T21:39:36.839Z,2025-07-20T17:39:36,"chocolate syrup","tbsp",2,39,"null",108.81,25.389,0.4407,0.819,0.2024,0,0.1115,0.0101,0,28.08,1.014,19.3635,0,0,5.46,0.8229,87.36,0,0.078,0,0,0,0,0.0023,0,0,25.35,50.31,0
2025-07-20T21:39:36.839Z,2025-07-20T17:39:36,"chocolate cookie","cup",0.25,56.7,"null",277.2574,26.3476,18.7835,2.6242,9.0598,0.5416,4.2926,3.8942,56.9483,204.5258,1.1621,23.4255,0,4.7551,14.3136,1.5722,43.8502,443.8969,0.0905,0.1729,0,0.0796,0,0.0479,0,0,12.0803,39.5377,0
2025-07-20T21:39:36.839Z,2025-07-20T17:39:36,"chocolate chips","tbsp",2,21.79,"null",104.6,13.9249,6.5375,0.9153,3.868,0,2.1718,0.2105,0,2.3971,1.2857,11.8765,0,0,6.9733,0.6821,79.5396,0,0,0,0,0,0,0.0076,0,0,25.0604,28.765,0
2025-07-20T21:39:36.839Z,2025-07-20T17:39:36,"candy","tbsp",2,28.35,"null",111.699,27.783,0.0567,0,0,0,0,0,0,10.773,0,17.8322,0,0,0.8505,0.0851,1.4175,0,0,0,0,0,0,0.0009,0,0,0.8505,0.8505,0
2025-07-20T17:20:26.000Z,2025-07-20T13:20:26,"hot pot","serving (about 2 cups)",1,493.92,"null",622.0313,34.8323,33.1133,46.3758,9.1141,0.013,13.3495,6.9024,113.8104,2179.6465,3.0906,14.4105,0,11.1336,250.2625,5.8945,1013.9959,3682.7295,7.2358,0,0,1.9803,0,0.9824,0,0,111.8884,446.9957,0
2025-07-20T16:09:52.694Z,2025-07-20T12:09:52,"matcha","tsp",1,2,"null",0.02,0,0,0.0044,0,0,0,0,0,0.02,0,0,0,0,0,0.0004,0.16,0,0.006,0,0,0,0,0.0001,0,0,0.02,0,0
2025-07-20T16:09:52.694Z,2025-07-20T12:09:52,"oat milk","cup",1,241.2,"null",130.38,29.1512,0.978,1.9725,0.1665,0,0.297,0.345,0,9.378,1.515,19.1105,0,0,14.206,0.647,54.68,0,0,0,0,0,0,0.015,0,0,22.772,61.5,0
2025-07-20T16:09:52.694Z,2025-07-20T12:09:52,"strawberry","large",5,90,"null",28.8,6.912,0.27,0.603,0.0135,0,0.0387,0.1395,0,0.9,1.8,4.401,0,0,14.4,0.369,137.7,10.8,52.92,0,0,0,0,0.0423,0,0,11.7,21.6,0
2025-07-20T12:48:04.764Z,2025-07-20T08:48:04,"white bread","slice",1,29,"null",77.14,14.3318,0.9657,2.5665,0.2024,0.0078,0.1737,0.4646,0,142.1,0.783,1.6443,0,0,41.76,1.0469,36.54,0.29,0,0,0,0,0,0.0252,0,0,6.67,28.42,0
2025-07-20T12:48:04.764Z,2025-07-20T08:48:04,"butter","tbsp",1,14.2,"null",101.814,0.0085,11.5176,0.1207,7.2943,0.4655,2.985,0.4321,30.53,91.306,0,0.0085,0,0,3.408,0.0028,3.408,354.858,0,0,0,0.0241,0,0.0004,0,0,0.284,3.408,0
2025-07-20T12:48:04.764Z,2025-07-20T08:48:04,"caviar","tbsp",1,16,"null",42.24,0.64,2.864,3.936,0.6496,0,0.741,1.1848,94.08,240,0,0,0,18.72,44,1.9008,28.96,144.8,0,0,0,3.2,0,0.0512,0,0,48,56.96,0
2025-07-20T12:48:04.764Z,2025-07-20T08:48:04,"orange juice","cup",1,248,"null",111.6,25.792,0.496,1.736,0.0595,0,0.0893,0.0992,0,2.48,0.496,20.832,0,0,27.28,0.496,496,496,124,0,0,0,0,0.0992,0,0,27.28,42.16,0
2025-07-19T22:28:36.026Z,2025-07-19T18:28:36,"flan","cup",0.5,153,"null",221.85,34.8534,6.1659,6.9309,2.7525,0,1.937,0.5998,137.7,81.09,0,35.4195,0,0,126.99,0.5814,180.54,246.33,0,0,0,0.5508,0,0.0673,0,0,13.77,146.88,0
2025-07-19T21:56:58.664Z,2025-07-19T17:56:58,"watermelon","wedge (approx 1/16 of melon)",1,286,"null",85.8,21.593,0.429,1.7446,0.0458,0,0.1058,0.143,0,2.86,1.144,17.732,0,0,20.02,0.6864,320.32,1627.34,23.166,0,0,0,0,0.1287,0,0,28.6,31.46,0
2025-07-19T21:39:03.000Z,2025-07-19T17:39:03,"potato salad","cup",1,250,"null",357.5,27.925,20.5,6.7,3.5725,0,6.2,9.3425,170,1322.5,3.25,0,0,0,47.5,1.625,635,392.5,25,0,0,0,0,0.3525,0,0,37.5,130,0
2025-07-19T20:03:43.188Z,2025-07-19T16:03:43,"steak","steak",1,221,"null",614.38,0,40.7745,57.8136,16.0534,0,16.9905,1.5094,214.37,114.92,0,0,0,26.52,37.57,3.8675,698.36,0,0,0,0,3.8233,0,1.1514,0,0,46.41,430.95,0
2025-07-19T20:03:43.188Z,2025-07-19T16:03:43,"sausage","link (4" long x 1-1/8" dia)",1,68,"null",210.12,0.6392,19.1964,8.1464,6.3328,0.1571,7.6242,2.4657,41.48,562.36,0,0.6392,0,29.24,7.48,0.4012,328.44,0,0,0,0,0.4488,0,0.1217,0,0,7.48,106.76,0
2025-07-19T19:46:55.392Z,2025-07-19T15:46:55,"sour cream","cup",0.5,115,"null",227.7,5.3245,22.2525,2.806,11.661,0.9154,5.2831,0.92,67.85,35.65,0,3.9215,0,0,116.15,0.0805,143.75,514.05,1.035,0,0,0.2415,0,0.0472,0,0,11.5,87.4,0
2025-07-19T19:46:55.392Z,2025-07-19T15:46:55,"onion","medium",1,94,"null",41.36,9.541,0.1786,1.2784,0.0291,0,0.0254,0.0686,0,2.82,1.316,4.4462,0,0,20.68,0.2256,156.04,1.88,4.888,0,0,0,0,0.1213,0,0,10.34,32.9,0
2025-07-19T19:46:55.392Z,2025-07-19T15:46:55,"chip","oz",1,28,"null",148.96,15.0724,9.5144,1.7892,0.952,0.0235,5.3096,2.319,0,147.56,0.868,0.0924,0,0,5.88,0.3584,334.88,0,6.048,0,0,0,0,0.1487,0,0,17.64,42.84,0
2025-07-19T19:46:55.392Z,2025-07-19T15:46:55,"bbq chips","cup",0.5,113.4,"null",552.258,63.4133,35.222,7.3823,4.5383,0.1406,14.9926,13.8427,0,618.03,4.3092,6.203,0,0,36.288,1.5422,1344.924,445.662,70.7616,0,0,0,0,0.4253,0,0,65.772,164.43,0
2025-07-19T19:41:12.335Z,2025-07-19T15:41:12,"sour cream and onion chips","cup",1,226.8,"null",1204.308,116.802,76.8852,18.3708,20.1625,0,13.8802,39.5086,15.876,1245.132,11.7936,0,0,0,163.296,3.6288,3018.708,385.56,84.5964,0,0,2.268,0,1.5082,0,0,167.832,399.168,0
2025-07-19T19:34:17.412Z,2025-07-19T15:34:17,"arugula","cup",0.5,10,"null",2.5,0.365,0.066,0.258,0.0086,0,0.0049,0.0319,0,2.7,0.16,0.205,0,0,16,0.146,36.9,237.3,1.5,0,0,0,0,0.0073,0,0,4.7,5.2,0
2025-07-19T19:34:17.412Z,2025-07-19T15:34:17,"olive oil","tablespoon",1,13.5,"null",119.34,0,13.5,0,1.8641,0,9.8497,1.4206,0,0.27,0,0,0,0,0.135,0.0756,0.135,0,0,0,0,0,0,0,0,0,0,0,0
2025-07-19T19:34:17.412Z,2025-07-19T15:34:17,"balsamic vinegar","tbsp",1,16,"null",14.08,2.7248,0,0.0784,0,0,0,0,0,3.68,0,2.392,0,0,4.32,0.1152,17.92,0,0,0,0,0,0,0,0,0,1.92,3.04,0
2025-07-19T19:20:51.127Z,2025-07-19T15:20:51,"sangria","cup",0.5,128,"null",91.4272,7.6751,0.0552,0.2691,0.0078,0,0.0069,0.0144,0,7.7183,0.5983,5.183,0,2.144,30.2783,0.3232,103.2609,31.4065,12.0498,8.926,0,0,0,0.0465,0,0,11.8696,18.1683,0
2025-07-19T17:59:55.111Z,2025-07-19T13:59:55,"peach","large (2-3/4" dia)",1,175,"null",68.25,16.695,0.4375,1.5925,0.0333,0,0.1173,0.1505,0,0,2.625,14.6825,0,0,10.5,0.4375,332.5,570.5,11.55,0,0,0,0,0.0438,0,0,15.75,35,0
2025-07-19T16:20:49.230Z,2025-07-19T12:20:49,"coffee","cup (8 fl oz)",1,237,"null",2.37,0,0.0474,0.2844,0.0047,0,0.0356,0.0024,0,4.74,0,0,0,0,4.74,0.0237,116.13,0,0,0,0,0,0,0.0024,0,0,7.11,7.11,0
2025-07-19T13:01:38.424Z,2025-07-19T09:01:38,"rye bread","slice",1,21.33,"null",55.2533,10.304,0.704,1.8133,0.1336,0,0.2797,0.1705,0,128.64,1.2373,0.8213,0,0,15.5733,0.6037,35.4133,1.4933,0.0853,0,0,0,0,0.016,0,0,8.5333,26.6667,0
2025-07-19T13:01:38.424Z,2025-07-19T09:01:38,"butter","tbsp",1,14.2,"null",101.814,0.0085,11.5176,0.1207,7.2943,0.4655,2.985,0.4321,30.53,91.306,0,0.0085,0,0,3.408,0.0028,3.408,354.858,0,0,0,0.0241,0,0.0004,0,0,0.284,3.408,0
2025-07-19T13:01:38.424Z,2025-07-19T09:01:38,"caviar","tbsp",2,32,"null",84.48,1.28,5.728,7.872,1.2992,0,1.4819,2.3696,188.16,480,0,0,0,37.44,88,3.8016,57.92,289.6,0,0,0,6.4,0,0.1024,0,0,96,113.92,0
2025-07-19T13:01:38.424Z,2025-07-19T09:01:38,"orange juice","cup",1,248,"null",111.6,25.792,0.496,1.736,0.0595,0,0.0893,0.0992,0,2.48,0.496,20.832,0,0,27.28,0.496,496,496,124,0,0,0,0,0.0992,0,0,27.28,42.16,0
2025-07-18T23:53:34.779Z,2025-07-18T19:53:34,"pork ribs","medium rib",3,105,"null",379.05,0,32.403,21.9345,9.7041,0.2478,11.2445,3.1458,110.25,95.55,0,0,0,92.4,19.95,1.5015,278.25,0,0,0,0,0.4725,0,0.6195,0,0,18.9,170.1,0
2025-07-18T23:08:45.163Z,2025-07-18T19:08:45,"orange liqueur","shot (1.5 fl oz)",1,49.5,"null",130.725,10.4979,0,0,0,0,0,0,0,0.495,0,10.479,0,0,0.105,0.0209,0.99,0,0,13.026,0,0,0,0.0004,0,0,0,1.56,0
2025-07-18T23:08:45.163Z,2025-07-18T19:08:45,"dark chocolate","piece",1,8,"null",43.68,4.8936,2.5024,0.3904,1.4815,0.009,0.7632,0.0874,0.64,1.92,0.56,3.832,0,0,4.48,0.6416,44.72,4,0,0,0,0.0184,0,0.0034,0,0,11.68,16.48,0
2025-07-18T23:08:45.163Z,2025-07-18T19:08:45,"raspberry","raspberry",1,2,"null",1.04,0.2388,0.013,0.024,0.0004,0,0.0013,0.0075,0,0.02,0.13,0.0884,0,0,0.5,0.0138,3.02,0.66,0.524,0,0,0,0,0.0011,0,0,0.44,0.58,0
2025-07-18T21:08:55.400Z,2025-07-18T17:08:55,"nuts","g",30,30,"null",182.1,6.315,16.185,6.012,2.6133,0.0165,8.5464,4.3836,0,81.9,2.1,1.245,0,0,35.1,0.783,189.6,0.9,0.15,0,0,0,0,0.1056,0,0,68.7,136.8,0
2025-07-18T21:08:55.400Z,2025-07-18T17:08:55,"orange","fruit (2-7/8" dia)",1,140,"null",68.6,17.556,0.21,1.274,0.0238,0,0.042,0.0434,0,1.4,3.08,11.9,0,0,60.2,0.182,232.4,345.8,82.74,0,0,0,0,0.1106,0,0,15.4,32.2,0
2025-07-18T19:30:54.265Z,2025-07-18T15:30:54,"crunchy peanut butter","g",30,30,"null",176.7,6.471,14.982,7.218,2.2821,0,6.9369,4.1796,0,145.8,2.4,2.523,0,0,13.5,0.57,223.5,0,0,0,0,0,0,0.1254,0,0,48,95.7,0
2025-07-18T19:30:54.265Z,2025-07-18T15:30:54,"cracker","cracker",1,4,"null",20.4,2.452,1.0572,0.2656,0.2225,0.043,0.2621,0.5255,0,29.04,0.092,0.3272,0,0,4.8,0.1612,4.72,0,0,0,0,0,0,0.0025,0,0,0.72,9.92,0
2025-07-18T15:27:27.535Z,2025-07-18T11:27:27,"egg","egg",3,150,"null",210,1,15,18,0,0,0,0,0,0,0,1,0,0,0,0,0,0,0,0,0,0,0,0,0,0,0,0,0
2025-07-18T15:27:27.535Z,2025-07-18T11:27:27,"chicken bone broth","cup",0.5,120,"null",15,1,0,2,0,0,0,0,0,0,0,0,0,0,0,0,0,0,0,0,0,0,0,0,0,0,0,0,0
2025-07-18T15:27:27.535Z,2025-07-18T11:27:27,"campari tomato","tomato",4,480,"null",80,18,0,4,0,0,0,0,0,0,4,12,0,0,0,0,0,0,0,0,0,0,0,0,0,0,0,0,0
2025-07-18T15:27:27.535Z,2025-07-18T11:27:27,"dill","tablespoon",1,1,"null",1,0,0,0,0,0,0,0,0,0,0,0,0,0,0,0,0,0,0,0,0,0,0,0,0,0,0,0,0
2025-07-18T11:23:35.000Z,2025-07-18T07:23:35,"chicken bone broth","cup",1,240,"null",15,0,0,9,0,0,0,0,0,0,0,0,0,0,0,0,0,0,0,0,0,0,0,0,0,0,0,0,0
2025-07-18T01:52:26.000Z,2025-07-17T21:52:26,"gummy","gummy bears",1,2.2,"null",8.712,2.1758,0,0,0,0,0,0,0,0.968,0.0022,1.2973,0,0,0.066,0.0088,0.11,0,0,0,0,0,0,0.0001,0,0,0.022,0.022,0
2025-07-18T00:08:18.235Z,2025-07-17T20:08:18,"Vanilla Cake Slice","slice",1,80,"null",300,40,15,3,0,0,0,0,0,0,1,25,20,0,0,0,0,0,0,0,0,0,0,0,0,0,0,0,0
2025-07-17T23:56:53.910Z,2025-07-17T19:56:53,"White Rice","cup",0.5,75,"null",97,21.6,0.2,2,0,0,0,0,0,0,0.3,0,0,0,0,0,0,0,0,0,0,0,0,0,0,0,0,0,0
2025-07-17T23:56:53.910Z,2025-07-17T19:56:53,"Ground Beef","cup",0.5,115,"null",288,0,23,19,0,0,0,0,0,0,0,0,0,0,0,0,0,0,0,0,0,0,0,0,0,0,0,0,0
2025-07-17T23:56:53.910Z,2025-07-17T19:56:53,"Sautéed Kale","cup",0.5,67,"null",18,3.7,0.3,1.2,0,0,0,0,0,0,1.3,0.5,0,0,0,0,0,0,0,0,0,0,0,0,0,0,0,0,0
2025-07-17T23:56:53.910Z,2025-07-17T19:56:53,"Cooked Black Beans","cup",1,172,"null",113.52,20.3906,0.4644,7.6196,0.1195,0,0.0404,0.1987,0,0.86,7.482,0.2752,0,0,23.22,1.806,305.3,5.16,0,0,0,0,0,0.0593,0.7482,0,60.2,120.4,0
2025-07-17T20:22:57.935Z,2025-07-17T16:22:57,"Cherry Airhead","piece",1,15,"null",60,15,0,0,0,0,0,0,0,0,0,12,12,0,0,0,0,0,0,0,0,0,0,0,0,0,0,0,0
2025-07-17T20:05:49.234Z,2025-07-17T16:05:49,"angel hair pasta","portion",1,155,"null",221,43,1,8,0,0,0,0,0,0,2,1,0,0,0,0,0,0,0,0,0,0,0,0,0,0,0,0,0
2025-07-17T12:33:29.893Z,2025-07-17T08:33:29,"lamb leg","grams",168,168,"null",250,0,17,25,0,0,0,0,0,0,0,0,0,0,0,0,0,0,0,0,0,0,0,0,0,0,0,0,0
2025-07-17T12:33:29.893Z,2025-07-17T08:33:29,"matcha","grams",4,4,"null",12,2,0,1,0,0,0,0,0,0,0,0,0,0,0,0,0,0,0,0,0,0,0,0,0,0,0,0,0
2025-07-16T23:42:46.326Z,2025-07-16T19:42:46,"Cooked Spaghetti","plate",1,200,"null",220,43,1.3,8,0,0,0,0,0,0,2.5,0.8,0,0,0,0,0,0,0,0,0,0,0,0,0,0,0,0,0
2025-07-16T23:42:46.326Z,2025-07-16T19:42:46,"Apple","medium",1,182,"null",95,25,0.3,0.5,0,0,0,0,0,0,4.4,19,0,0,0,0,0,0,0,0,0,0,0,0,0,0,0,0,0
2025-07-16T23:37:21.999Z,2025-07-16T19:37:21,"Roast Pork","piece",1,150,"null",400,0,30,30,0,0,0,0,0,0,0,0,0,0,0,0,0,0,0,0,0,0,0,0,0,0,0,0,0
2025-07-16T23:37:21.999Z,2025-07-16T19:37:21,"Cooked Spaghetti","cup",1,140,"null",220,43,1,8,0,0,0,0,0,0,2,1,0,0,0,0,0,0,0,0,0,0,0,0,0,0,0,0,0
2025-07-16T23:37:21.999Z,2025-07-16T19:37:21,"Sautéed Zucchini","cup",0.5,90,"null",20,4,0,1,0,0,0,0,0,0,1,3,0,0,0,0,0,0,0,0,0,0,0,0,0,0,0,0,0
2025-07-16T19:23:59.038Z,2025-07-16T15:23:59,"purple doritos","cup",1.5,60,"null",300,45,15,3,0,0,0,0,0,0,3,1,0,0,0,0,0,0,0,0,0,0,0,0,0,0,0,0,0
2025-07-16T15:48:39.197Z,2025-07-16T11:48:39,"broccolini","serving",1,75,"null",25,5,0.3,2,0,0,0,0,0,0,2.5,1,0,0,0,0,0,0,0,0,0,0,0,0,0,0,0,0,0
2025-07-16T15:41:41.959Z,2025-07-16T11:41:41,"Grilled Chicken Breast","piece",1,150,"null",246,0,5,46,0,0,0,0,0,0,0,0,0,0,0,0,0,0,0,0,0,0,0,0,0,0,0,0,0
2025-07-16T15:41:41.959Z,2025-07-16T11:41:41,"Ketchup","tablespoons",2,34,"null",38,10,0,0,0,0,0,0,0,0,0,8,4,0,0,0,0,0,0,0,0,0,0,0,0,0,0,0,0
2025-07-16T15:10:25.000Z,2025-07-16T11:10:25,"Cocoavia Cocoflavanols","serving",1,10,"null",0,0,0,0,0,0,0,0,0,0,3,0,0,0,0,0,0,0,0,0,0,0,0,0,0,0,0,0,0
2025-07-16T13:11:52.304Z,2025-07-16T09:11:52,"ripple pea protein milk","cup",1,240,"null",100,4,3,8,0,0,0,0,0,0,1,1,0,0,0,0,0,0,0,0,0,0,0,0,0,0,0,0,0
2025-07-16T13:11:52.304Z,2025-07-16T09:11:52,"matcha","kg",0.004,4,"null",0,0,0,0,0,0,0,0,0,0,0,0,0,0,0,0,0,0,0,0,0,0,0,0,0,0,0,0,0
2025-07-16T12:16:48.018Z,2025-07-16T08:16:48,"iodized salt","teaspoon",1,6,"null",0,0,0,0,0,0,0,0,0,0,0,0,0,0,0,0,0,0,0,0,0,0,0,0,0,0,0,0,0
2025-07-16T12:16:48.018Z,2025-07-16T08:16:48,"chicken bone broth","cup",1,240,"null",40,0,0,9,0,0,0,0,0,0,0,0,0,0,0,0,0,0,0,0,0,0,0,0,0,0,0,0,0
2025-07-16T12:16:48.018Z,2025-07-16T08:16:48,"ground flaxseeds","tablespoon",1,10,"null",55,3,4,2,0,0,0,0,0,0,3,0,0,0,0,0,0,0,0,0,0,0,0,0,0,0,0,0,0
2025-07-16T12:16:48.018Z,2025-07-16T08:16:48,"turmeric","teaspoon",1,2,"null",8,1.7,0.2,0.2,0,0,0,0,0,0,0.3,0,0,0,0,0,0,0,0,0,0,0,0,0,0,0,0,0,0
2025-07-16T12:16:48.018Z,2025-07-16T08:16:48,"ginger","teaspoon",1,2,"null",2,0.4,0,0.1,0,0,0,0,0,0,0.1,0,0,0,0,0,0,0,0,0,0,0,0,0,0,0,0,0,0
2025-07-16T12:16:48.018Z,2025-07-16T08:16:48,"black pepper","teaspoon",1,2,"null",6,1.4,0.2,0.2,0,0,0,0,0,0,0.5,0,0,0,0,0,0,0,0,0,0,0,0,0,0,0,0,0,0
2025-07-15T23:35:14.000Z,2025-07-15T19:35:14,"chicken stomachs","cup",1,140,"null",220,0,10,30,0,0,0,0,0,0,0,0,0,0,0,0,0,0,0,0,0,0,0,0,0,0,0,0,0
2025-07-15T23:35:14.000Z,2025-07-15T19:35:14,"cooked buckwheat","cup",0.25,45,"null",60,13,0.5,2,0,0,0,0,0,0,2,0,0,0,0,0,0,0,0,0,0,0,0,0,0,0,0,0,0
2025-07-15T23:35:14.000Z,2025-07-15T19:35:14,"boiled sour cherries","cup",1,150,"null",70,18,0.5,1,0,0,0,0,0,0,2,15,0,0,0,0,0,0,0,0,0,0,0,0,0,0,0,0,0
2025-07-15T23:35:14.000Z,2025-07-15T19:35:14,"Paris Baguette strawberry cream cake","slice",0.0625,15,"null",50,8,2,1,0,0,0,0,0,0,0,5,5,0,0,0,0,0,0,0,0,0,0,0,0,0,0,0,0
2025-07-15T21:29:10.189Z,2025-07-15T17:29:10,"purple doritos","cup",1,28,"null",150,15,9,2,0,0,0,0,0,0,1,0,0,0,0,0,0,0,0,0,0,0,0,0,0,0,0,0,0
2025-07-15T21:27:29.426Z,2025-07-15T17:27:29,"Oreo Cakester","piece",1,30,"null",140,20,7,1,0,0,0,0,0,0,0,10,10,0,0,0,0,0,0,0,0,0,0,0,0,0,0,0,0
2025-07-15T20:30:25.000Z,2025-07-15T16:30:25,"Vita Coco Coconut Water","cup",0.5,120,"null",30,7,0,0,0,0,0,0,0,0,0,6,0,0,0,0,0,0,0,0,0,0,0,0,0,0,0,0,0
2025-07-15T19:51:39.221Z,2025-07-15T15:51:39,"chicken drumstick","drumsticks",4,480,"null",880,0,60,80,0,0,0,0,0,0,0,0,0,0,0,0,0,0,0,0,0,0,0,0,0,0,0,0,0
2025-07-15T19:51:39.221Z,2025-07-15T15:51:39,"broccolini","cup",1,75,"null",25,5,0,2,0,0,0,0,0,0,2,1,0,0,0,0,0,0,0,0,0,0,0,0,0,0,0,0,0
2025-07-15T16:40:37.000Z,2025-07-15T12:40:37,"Cocovia Flavanols","serving",1,5,"null",20,5,0,0,0,0,0,0,0,0,0,0,0,0,0,0,0,0,0,0,0,0,0,0,0,0,0,0,0
2025-07-15T16:40:37.000Z,2025-07-15T12:40:37,"Ground Flax Seeds","g",12,12,"null",42.72,2.32,3.36,1.44,0,0,0,0,0,0,2.16,0,0,0,0,0,0,0,0,0,0,0,0,0,0,0,0,0,0
2025-07-15T16:40:37.000Z,2025-07-15T12:40:37,"Ripple Pea Protein Milk","cup",1,240,"null",70,6,4,8,0,0,0,0,0,0,1,1,0,0,0,0,0,0,0,0,0,0,0,0,0,0,0,0,0
2025-07-15T13:07:26.000Z,2025-07-15T09:07:26,"Scrambled Eggs","eggs",2,100,"null",140,1,10,12,0,0,0,0,0,0,0,1,0,0,0,0,0,0,0,0,0,0,0,0,0,0,0,0,0
2025-07-15T13:07:26.000Z,2025-07-15T09:07:26,"Hot Sauce","tablespoon",1,15,"null",5,1,0,0,0,0,0,0,0,0,0,1,0,0,0,0,0,0,0,0,0,0,0,0,0,0,0,0,0
2025-07-15T13:07:26.000Z,2025-07-15T09:07:26,"Tomatoes","cup",1,180,"null",32,7,0,2,0,0,0,0,0,0,2,5,0,0,0,0,0,0,0,0,0,0,0,0,0,0,0,0,0
2025-07-15T03:00:39.000Z,2025-07-14T23:00:39,"empanada","piece",1,150,"null",300,30,15,10,0,0,0,0,0,0,2,1,0,0,0,0,0,0,0,0,0,0,0,0,0,0,0,0,0
2025-07-15T01:35:22.000Z,2025-07-14T21:35:22,"empanada","piece",1,100,"null",250,30,12,10,0,0,0,0,0,0,2,1,0,0,0,0,0,0,0,0,0,0,0,0,0,0,0,0,0
2025-07-15T00:23:09.000Z,2025-07-14T20:23:09,"hot dog","piece",1,76,"null",150,2,13,5,0,0,0,0,0,0,0,1,1,0,0,0,0,0,0,0,0,0,0,0,0,0,0,0,0
2025-07-15T00:23:09.000Z,2025-07-14T20:23:09,"ketchup","tablespoon",1,15,"null",15,4,0,0,0,0,0,0,0,0,0,4,4,0,0,0,0,0,0,0,0,0,0,0,0,0,0,0,0
2025-07-14T22:57:44.621Z,2025-07-14T18:57:44,"Sour Patch Kids","cup",1,150,"null",150,37,0,0,0,0,0,0,0,0,0,30,30,0,0,0,0,0,0,0,0,0,0,0,0,0,0,0,0
2025-07-14T19:33:16.380Z,2025-07-14T15:33:16,"Tortilla Chips","cup",1,28,"null",140,18,7,2,0,0,0,0,0,0,2,0,0,0,0,0,0,0,0,0,0,0,0,0,0,0,0,0,0
2025-07-14T19:33:16.380Z,2025-07-14T15:33:16,"Ice Water","glass",1,240,"null",0,0,0,0,0,0,0,0,0,0,0,0,0,0,0,0,0,0,0,0,0,0,0,0,0,0,0,0,0
2025-07-14T18:51:14.723Z,2025-07-14T14:51:14,"Tortilla Chips","bowl",1,100,"null",500,60,27,6,0,0,0,0,0,0,5,1,0,0,0,0,0,0,0,0,0,0,0,0,0,0,0,0,0
2025-07-14T18:51:14.723Z,2025-07-14T14:51:14,"Watermelon","bowl",1,150,"null",45,11,0,1,0,0,0,0,0,0,1,9,0,0,0,0,0,0,0,0,0,0,0,0,0,0,0,0,0
2025-07-14T16:28:22.456Z,2025-07-14T12:28:22,"Chickpeas","cup",0.5,120,"null",180,30,3,9,0,0,0,0,0,0,8,5,0,0,0,0,0,0,0,0,0,0,0,0,0,0,0,0,0
2025-07-14T16:28:22.456Z,2025-07-14T12:28:22,"Grilled Chicken","grams",85,85,"null",165,0,3.6,31,0,0,0,0,0,0,0,0,0,0,0,0,0,0,0,0,0,0,0,0,0,0,0,0,0
2025-07-14T16:28:22.456Z,2025-07-14T12:28:22,"Spinach","cup",1,30,"null",7,1.1,0.1,0.9,0,0,0,0,0,0,0.7,0.1,0,0,0,0,0,0,0,0,0,0,0,0,0,0,0,0,0
2025-07-14T16:28:22.456Z,2025-07-14T12:28:22,"Olive Oil","tablespoon",1,13.5,"null",119,0,13.5,0,0,0,0,0,0,0,0,0,0,0,0,0,0,0,0,0,0,0,0,0,0,0,0,0,0
2025-07-14T16:28:22.456Z,2025-07-14T12:28:22,"Iced Tea","cup",1,240,"null",90,23,0,0,0,0,0,0,0,0,0,23,20,0,0,0,0,0,0,0,0,0,0,0,0,0,0,0,0
2025-07-14T12:40:28.804Z,2025-07-14T08:40:28,"Whole grain bread","slice",1,28,"null",69,12,1,3.5,0,0,0,0,0,0,2,1,0,0,0,0,0,0,0,0,0,0,0,0,0,0,0,0,0
2025-07-14T12:40:28.804Z,2025-07-14T08:40:28,"Fried egg","large eggs",2,100,"null",143,1,9.5,12.6,0,0,0,0,0,0,0,1,0,0,0,0,0,0,0,0,0,0,0,0,0,0,0,0,0
2025-07-14T12:40:28.804Z,2025-07-14T08:40:28,"Green onions","tablespoon",1,6,"null",2,0.4,0,0.1,0,0,0,0,0,0,0.2,0.2,0,0,0,0,0,0,0,0,0,0,0,0,0,0,0,0,0
2025-07-14T12:40:28.804Z,2025-07-14T08:40:28,"Strawberries","cup",1,152,"null",49,12,0.5,1,0,0,0,0,0,0,3,7,0,0,0,0,0,0,0,0,0,0,0,0,0,0,0,0,0
2025-07-13T23:36:10.830Z,2025-07-13T19:36:10,"Cherries","cup",1,154,"null",97,25,0.3,2,0,0,0,0,0,0,3.2,20,0,0,0,0,0,0,0,0,0,0,0,0,0,0,0,0,0
2025-07-13T23:36:10.830Z,2025-07-13T19:36:10,"Mashed Banana","cup",0.5,118,"null",105,27,0.3,1.3,0,0,0,0,0,0,3.1,14.4,0,0,0,0,0,0,0,0,0,0,0,0,0,0,0,0,0
2025-07-13T23:31:55.100Z,2025-07-13T19:31:55,"Cheese Ravioli","pieces",5,125,"null",250,35,8,10,0,0,0,0,0,0,2,2,0,0,0,0,0,0,0,0,0,0,0,0,0,0,0,0,0
2025-07-13T23:31:55.100Z,2025-07-13T19:31:55,"Ground Beef","cup",0.5,115,"null",230,0,17,20,0,0,0,0,0,0,0,0,0,0,0,0,0,0,0,0,0,0,0,0,0,0,0,0,0
2025-07-13T21:50:18.000Z,2025-07-13T17:50:18,"watermelon","cup",1.5,240,"null",72,18,0.2,1.5,0,0,0,0,0,0,0.6,15,0,0,0,0,0,0,0,0,0,0,0,0,0,0,0,0,0
2025-07-13T21:45:30.618Z,2025-07-13T17:45:30,"Popcorn","cups",3,24,"null",93,18,1,3,0,0,0,0,0,0,3.6,0,0,0,0,0,0,0,0,0,0,0,0,0,0,0,0,0,0
2025-07-13T21:45:30.618Z,2025-07-13T17:45:30,"Kirkland Soft & Chewy Granola Bar","bar",1,24,"null",100,17,3,1,0,0,0,0,0,0,1,7,6,0,0,0,0,0,0,0,0,0,0,0,0,0,0,0,0
2025-07-13T17:10:48.000Z,2025-07-13T13:10:48,"pork banh mi","sandwich",1,200,"null",450,50,15,20,0,0,0,0,0,0,3,6,1,0,0,0,0,0,0,0,0,0,0,0,0,0,0,0,0
2025-07-13T17:10:48.000Z,2025-07-13T13:10:48,"beef pho","bowl",1,400,"null",350,40,10,25,0,0,0,0,0,0,2,5,0,0,0,0,0,0,0,0,0,0,0,0,0,0,0,0,0
2025-07-13T16:58:26.252Z,2025-07-13T12:58:26,"Rice Paper Wrapper","piece",1,10,"null",35,8,0,0.5,0,0,0,0,0,0,0,0,0,0,0,0,0,0,0,0,0,0,0,0,0,0,0,0,0
2025-07-13T16:58:26.252Z,2025-07-13T12:58:26,"Lettuce","leaf",1,5,"null",1,0.2,0,0.1,0,0,0,0,0,0,0.1,0,0,0,0,0,0,0,0,0,0,0,0,0,0,0,0,0,0
2025-07-13T16:58:26.252Z,2025-07-13T12:58:26,"Beef","grams",30,30,"null",85,0,6,8,0,0,0,0,0,0,0,0,0,0,0,0,0,0,0,0,0,0,0,0,0,0,0,0,0
2025-07-13T16:58:26.252Z,2025-07-13T12:58:26,"Avocado","fruit",0.25,50,"null",80,4,7,1,0,0,0,0,0,0,3,0,0,0,0,0,0,0,0,0,0,0,0,0,0,0,0,0,0
2025-07-13T16:55:08.491Z,2025-07-13T12:55:08,"Iced Coffee with Milk and Sugar","cup",1,240,"null",120,24,2,2,0,0,0,0,0,0,0,22,15,0,0,0,0,0,0,0,0,0,0,0,0,0,0,0,0
2025-07-13T14:06:59.962Z,2025-07-13T10:06:59,"matcha","kg",0.005,5,"null",0,0,0,0,0,0,0,0,0,0,0,0,0,0,0,0,0,0,0,0,0,0,0,0,0,0,0,0,0
2025-07-13T14:06:59.962Z,2025-07-13T10:06:59,"pea protein milk","cup",1,240,"null",70,6,3,8,0,0,0,0,0,0,1,2,0,0,0,0,0,0,0,0,0,0,0,0,0,0,0,0,0
2025-07-13T13:55:01.316Z,2025-07-13T09:55:01,"Whole grain toast","slice",1,28,"null",69,11.5,1,3.5,0,0,0,0,0,0,1.9,1.5,0,0,0,0,0,0,0,0,0,0,0,0,0,0,0,0,0
2025-07-13T13:55:01.316Z,2025-07-13T09:55:01,"Avocado","avocado",0.25,50,"null",80,4,7.5,1,0,0,0,0,0,0,3.4,0.3,0,0,0,0,0,0,0,0,0,0,0,0,0,0,0,0,0
2025-07-13T13:55:01.316Z,2025-07-13T09:55:01,"Fried egg","large egg",1,46,"null",90,0.6,7,6.3,0,0,0,0,0,0,0,0.6,0,0,0,0,0,0,0,0,0,0,0,0,0,0,0,0,0
2025-07-13T13:55:01.316Z,2025-07-13T09:55:01,"Blackberries","cup",0.5,72,"null",31,7,0.4,1,0,0,0,0,0,0,3.8,3.5,0,0,0,0,0,0,0,0,0,0,0,0,0,0,0,0,0
2025-07-12T22:20:49.000Z,2025-07-12T18:20:49,"ginger ale","cup",1,240,"null",100,26,0,0,0,0,0,0,0,0,0,24,24,0,0,0,0,0,0,0,0,0,0,0,0,0,0,0,0
2025-07-12T22:20:49.000Z,2025-07-12T18:20:49,"pepperoni pizza","slice",1,100,"null",285,36,12,12,0,0,0,0,0,0,2,3,1,0,0,0,0,0,0,0,0,0,0,0,0,0,0,0,0
2025-07-12T22:00:55.000Z,2025-07-12T18:00:55,"blue doritos","cup",1,28,"null",150,15,9,2,0,0,0,0,0,0,1,0,0,0,0,0,0,0,0,0,0,0,0,0,0,0,0,0,0
2025-07-12T22:00:55.000Z,2025-07-12T18:00:55,"ginger ale","cup",0.5,120,"null",60,15,0,0,0,0,0,0,0,0,0,15,15,0,0,0,0,0,0,0,0,0,0,0,0,0,0,0,0
2025-07-12T21:26:49.838Z,2025-07-12T17:26:49,"Tortilla Chips","cup",1,28,"null",140,19,7,2,0,0,0,0,0,0,1,0,0,0,0,0,0,0,0,0,0,0,0,0,0,0,0,0,0
2025-07-12T16:14:36.442Z,2025-07-12T12:14:36,"Tuna Sushi Roll","pieces",4,120,"null",200,30,2,15,0,0,0,0,0,0,1,1,0,0,0,0,0,0,0,0,0,0,0,0,0,0,0,0,0
2025-07-12T16:14:36.442Z,2025-07-12T12:14:36,"Avocado Sushi Roll","pieces",2,100,"null",180,28,7,4,0,0,0,0,0,0,4,1,0,0,0,0,0,0,0,0,0,0,0,0,0,0,0,0,0
2025-07-12T16:14:36.442Z,2025-07-12T12:14:36,"Soy Sauce","tablespoon",1,15,"null",10,1,0,1,0,0,0,0,0,0,0,0,0,0,0,0,0,0,0,0,0,0,0,0,0,0,0,0,0
2025-07-12T15:58:42.253Z,2025-07-12T11:58:42,"Miso Soup","bowl",1,240,"null",35,5,1,2,0,0,0,0,0,0,0,1,0,0,0,0,0,0,0,0,0,0,0,0,0,0,0,0,0
2025-07-12T15:58:42.253Z,2025-07-12T11:58:42,"Seaweed Salad","bowl",1,100,"null",70,14,2,2,0,0,0,0,0,0,3,6,0,0,0,0,0,0,0,0,0,0,0,0,0,0,0,0,0
2025-07-12T15:58:42.253Z,2025-07-12T11:58:42,"Salad with Dressing","bowl",1,150,"null",80,10,4,2,0,0,0,0,0,0,2,4,1,0,0,0,0,0,0,0,0,0,0,0,0,0,0,0,0
2025-07-12T06:52:15.245Z,2025-07-12T02:52:15,"French Fries","medium",1,117,"null",365,48.1,17.1,3.4,0,0,0,0,0,0,4,0.3,0,0,0,0,0,0,0,0,0,0,0,0,0,0,0,0,0
2025-07-12T06:51:49.947Z,2025-07-12T02:51:49,"Cookies & Cream Milkshake","shake",1,400,"null",600,80,30,10,0,0,0,0,0,0,2,60,50,0,0,0,0,0,0,0,0,0,0,0,0,0,0,0,0
2025-07-11T22:42:40.016Z,2025-07-11T18:42:40,"Iced Coffee with Milk and Sugar","cup",1,240,"null",120,24,2,2,0,0,0,0,0,0,0,22,20,0,0,0,0,0,0,0,0,0,0,0,0,0,0,0,0
2025-07-11T22:42:40.016Z,2025-07-11T18:42:40,"Slice of Cake with Cream","slice",1,150,"null",350,45,18,4,0,0,0,0,0,0,1,30,25,0,0,0,0,0,0,0,0,0,0,0,0,0,0,0,0
2025-07-11T22:19:00.000Z,2025-07-11T18:19:00,"Ground Beef","cup",0.5,115,"null",230,0,15,22,0,0,0,0,0,0,0,0,0,0,0,0,0,0,0,0,0,0,0,0,0,0,0,0,0
2025-07-11T22:19:00.000Z,2025-07-11T18:19:00,"Tomato Sauce","cup",0.25,60,"null",30,7,0.2,1,0,0,0,0,0,0,1.5,4,1,0,0,0,0,0,0,0,0,0,0,0,0,0,0,0,0
2025-07-11T22:19:00.000Z,2025-07-11T18:19:00,"Spaghetti","cup",1,140,"null",220,43,1.3,8,0,0,0,0,0,0,2.5,0.8,0,0,0,0,0,0,0,0,0,0,0,0,0,0,0,0,0
2025-07-11T19:29:32.000Z,2025-07-11T15:29:32,"Cocovia cocoa flavanols","cup",1,240,"null",60,15,1,0,0,0,0,0,0,0,0,0,0,0,0,0,0,0,0,0,0,0,0,0,0,0,0,0,0
2025-07-11T19:29:32.000Z,2025-07-11T15:29:32,"Pea protein milk","cup",1,240,"null",70,6,2,8,0,0,0,0,0,0,1,0,0,0,0,0,0,0,0,0,0,0,0,0,0,0,0,0,0
2025-07-11T19:29:32.000Z,2025-07-11T15:29:32,"Honey","teaspoon",1,5,"null",21,5.8,0,0,0,0,0,0,0,0,0,5.8,5.8,0,0,0,0,0,0,0,0,0,0,0,0,0,0,0,0
2025-07-11T19:29:32.000Z,2025-07-11T15:29:32,"Ground flaxseeds","tablespoon",1,14,"null",55,3,4.3,1.9,0,0,0,0,0,0,3.8,0.2,0,0,0,0,0,0,0,0,0,0,0,0,0,0,0,0,0
2025-07-11T16:50:59.585Z,2025-07-11T12:50:59,"Cooked Buckwheat","g",130,130,"null",118.5294,25.6176,0.7647,4.3588,0,0,0,0,0,0,3.4412,0,0,0,0,0,0,0,0,0,0,0,0,0,0,0,0,0,0
2025-07-11T16:50:59.585Z,2025-07-11T12:50:59,"Grilled Fish","fillet",1,150,"null",232,0,15,22,0,0,0,0,0,0,0,0,0,0,0,0,0,0,0,0,0,0,0,0,0,0,0,0,0
2025-07-11T13:25:12.000Z,2025-07-11T09:25:12,"matcha","g",1,4,"null",0,0,0,0,0,0,0,0,0,0,0,0,0,0,0,0,0,0,0,0,0,0,0,0,0,0,0,0,0
2025-07-11T13:25:12.000Z,2025-07-11T09:25:12,"Ripple Pea Protein Milk","cup",1,240,"null",100,4,3,8,0,0,0,0,0,0,1,1,0,0,0,0,0,0,0,0,0,0,0,0,0,0,0,0,0
2025-07-11T12:24:23.407Z,2025-07-11T08:24:23,"strawberry","cup",1,150,"null",50,12,0.5,1,0,0,0,0,0,0,3,7,0,0,0,0,0,0,0,0,0,0,0,0,0,0,0,0,0
2025-07-11T12:24:23.407Z,2025-07-11T08:24:23,"multigrain sourdough","piece",1,70,"null",200,36,3,8,0,0,0,0,0,0,5,2,0,0,0,0,0,0,0,0,0,0,0,0,0,0,0,0,0
2025-07-11T12:24:23.407Z,2025-07-11T08:24:23,"avocado","fruit",0.5,100,"null",160,8,15,2,0,0,0,0,0,0,7,1,0,0,0,0,0,0,0,0,0,0,0,0,0,0,0,0,0
2025-07-11T12:24:23.407Z,2025-07-11T08:24:23,"egg","large",1,50,"null",70,1,5,6,0,0,0,0,0,0,0,0,0,0,0,0,0,0,0,0,0,0,0,0,0,0,0,0,0
2025-07-11T12:24:23.407Z,2025-07-11T08:24:23,"olive oil","tablespoon",0.25,3.5,"null",30,0,3.5,0,0,0,0,0,0,0,0,0,0,0,0,0,0,0,0,0,0,0,0,0,0,0,0,0,0
2025-07-10T23:40:53.000Z,2025-07-10T19:40:53,"Doritos","oz",3,85.05000000000001,"null",450,45,27,6,0,0,0,0,0,0,3,0,0,0,0,0,0,0,0,0,0,0,0,0,0,0,0,0,0
2025-07-10T23:40:53.000Z,2025-07-10T19:40:53,"Coconut Water","cup",2,480,"null",92,18,0,2,0,0,0,0,0,0,6,12,0,0,0,0,0,0,0,0,0,0,0,0,0,0,0,0,0
2025-07-10T23:10:13.749Z,2025-07-10T19:10:13,"Green Grapes","cup",1,151,"null",34.5,9.05,0.08,0.36,0.027,0,0.0035,0.024,0,1,0.45,7.74,0,0,5,0.18,95.5,0,1.6,0,0,0,0,0.043,0.095,0,3.5,10,0
2025-07-10T23:10:13.749Z,2025-07-10T19:10:13,"Fried Chicken Drumstick","g",117,117,"null",249.6,6.24,17.16,15.6,0,0,0,0,0,0,0,0,0,0,0,0,0,0,0,0,0,0,0,0,0,0,0,0,0
2025-07-10T17:05:20.867Z,2025-07-10T13:05:20,"pork thighs","g",115,115,"null",250,0,17,25,0,0,0,0,0,0,0,0,0,0,0,0,0,0,0,0,0,0,0,0,0,0,0,0,0
2025-07-10T17:05:20.867Z,2025-07-10T13:05:20,"cabbage","g",60,60,"null",14,3,0.1,1,0,0,0,0,0,0,1.4,1.5,0,0,0,0,0,0,0,0,0,0,0,0,0,0,0,0,0
2025-07-10T17:05:20.867Z,2025-07-10T13:05:20,"tomato sauce","g",40,40,"null",20,4.5,0.1,0.8,0,0,0,0,0,0,1,2.5,0,0,0,0,0,0,0,0,0,0,0,0,0,0,0,0,0
2025-07-10T17:05:20.867Z,2025-07-10T13:05:20,"buckwheat","cup",1,100,"null",343,72.9,3.4,13.3,0,0,0,0,0,0,10,0.9,0,0,0,0,0,0,0,0,0,0,0,0,0,0,0,0,0
2025-07-10T14:03:28.000Z,2025-07-10T10:03:28,"matcha","kg",0.004,4,"null",0,0,0,0,0,0,0,0,0,0,0,0,0,0,0,0,0,0,0,0,0,0,0,0,0,0,0,0,0
2025-07-10T14:03:28.000Z,2025-07-10T10:03:28,"ripple pea protein milk","cup",1,240,"null",100,5,4,8,0,0,0,0,0,0,1,1,0,0,0,0,0,0,0,0,0,0,0,0,0,0,0,0,0
2025-07-10T12:11:03.530Z,2025-07-10T08:11:03,"Fried Chicken Breast","g",168,168,"null",305.76,9.24,16.8,28.56,0,0,0,0,0,0,0,0,0,0,0,0,0,0,0,0,0,0,0,0,0,0,0,0,0
2025-07-10T12:11:03.530Z,2025-07-10T08:11:03,"Strawberries","cup",1,144,"null",46.08,11.0592,0.432,0.9648,0.0216,0,0.0619,0.2232,0,1.44,2.88,7.0416,0,0,23.04,0.5904,220.32,17.28,84.672,0,0,0,0,0.0677,0.4176,0,18.72,34.56,0
2025-07-10T11:06:28.263Z,2025-07-10T07:06:28,"peach","medium",1,150,"null",58,14,0.4,1,0,0,0,0,0,0,2,13,0,0,0,0,0,0,0,0,0,0,0,0,0,0,0,0,0
2025-07-10T00:12:36.466Z,2025-07-09T20:12:36,"Grilled Fish Fillet","fillet",1,150,"null",232,0,15,22,0,0,0,0,0,0,0,0,0,0,0,0,0,0,0,0,0,0,0,0,0,0,0,0,0
2025-07-09T23:11:12.389Z,2025-07-09T19:11:12,"Herr's Kettle Cooked Potato Chips, Honey Jalapeño","oz",1,28,"null",150,15,9,2,0,0,0,0,0,0,1,2,1,0,0,0,0,0,0,0,0,0,0,0,0,0,0,0,0
2025-07-09T23:09:20.566Z,2025-07-09T19:09:20,"Chocolate-filled pastry","piece",1,50,"null",200,25,10,3,0,0,0,0,0,0,1,12,8,0,0,0,0,0,0,0,0,0,0,0,0,0,0,0,0
2025-07-09T20:07:32.713Z,2025-07-09T16:07:32,"Peach","medium peach",1,150,"null",59,14.7,0.4,1.4,0,0,0,0,0,0,2.3,12.6,0,0,0,0,0,0,0,0,0,0,0,0,0,0,0,0,0
2025-07-09T17:49:25.467Z,2025-07-09T13:49:25,"buckwheat","g",100,100,"null",100,20,1,4,0,0,0,0,0,0,2,0,0,0,0,0,0,0,0,0,0,0,0,0,0,0,0,0,0
2025-07-09T17:49:25.467Z,2025-07-09T13:49:25,"Fried Chicken Gizzards","cup, cooked, diced",1,145,"null",221.85,0,3.857,43.703,0.9628,0,0.7598,0.5075,532.15,548.1,0,0,0,0,24.65,4.5965,258.1,0,0,0,0,1.4935,0,0.1015,0.29,0,4.35,271.15,0
2025-07-09T14:31:48.824Z,2025-07-09T10:31:48,"ripple pea protein milk","cup",1,240,"null",70,6,4,8,0,0,0,0,0,0,1,1,0,0,0,0,0,0,0,0,0,0,0,0,0,0,0,0,0
2025-07-09T14:31:48.824Z,2025-07-09T10:31:48,"cocoa via cocoflavanols","cup",1,100,"null",50,12,1,2,0,0,0,0,0,0,5,0,0,0,0,0,0,0,0,0,0,0,0,0,0,0,0,0,0
2025-07-09T12:12:54.652Z,2025-07-09T08:12:54,"egg","egg",3,150,"null",210,1,15,18,0,0,0,0,0,0,0,0,0,0,0,0,0,0,0,0,0,0,0,0,0,0,0,0,0
2025-07-09T12:12:54.652Z,2025-07-09T08:12:54,"olive oil","tbsp",0.5,7,"null",60,0,7,0,0,0,0,0,0,0,0,0,0,0,0,0,0,0,0,0,0,0,0,0,0,0,0,0,0
2025-07-09T12:12:54.652Z,2025-07-09T08:12:54,"sriracha","tbsp",1,15,"null",5,1,0,0,0,0,0,0,0,0,0,1,1,0,0,0,0,0,0,0,0,0,0,0,0,0,0,0,0
2025-07-09T10:31:11.877Z,2025-07-09T06:31:11,"mixed nuts unsalted","cup",1,30,"null",173,6,15,5,0,0,0,0,0,0,3,1,0,0,0,0,0,0,0,0,0,0,0,0,0,0,0,0,0
2025-07-09T10:31:11.877Z,2025-07-09T06:31:11,"watermelon","cup",1,152,"null",46,12,0,1,0,0,0,0,0,0,0,9,0,0,0,0,0,0,0,0,0,0,0,0,0,0,0,0,0
2025-07-08T23:40:22.454Z,2025-07-08T19:40:22,"Pork Ribs","rib (meat only) (yield from 141g cooked rib)",0.3,24,"null",62.9776,0,3.6359,7.0729,1.2968,0.0286,1.5961,0.4154,26.7719,15.2982,0,0,0,0.306,8.414,0.3544,75.7261,0,0,0,0,0.2397,0,0.1252,0.0281,0,5.8643,53.0338,0
2025-07-08T23:40:22.454Z,2025-07-08T19:40:22,"spinach","cup",1,30,"null",7,1.1,0.1,0.9,0,0,0,0,0,0,0.7,0.1,0,0,0,0,0,0,0,0,0,0,0,0,0,0,0,0,0
2025-07-08T23:40:22.454Z,2025-07-08T19:40:22,"tahini caesar dressing","tablespoon",1,15,"null",89,3.5,8,2.5,0,0,0,0,0,0,0,0,0,0,0,0,0,0,0,0,0,0,0,0,0,0,0,0,0
2025-07-08T23:00:57.060Z,2025-07-08T19:00:57,"mixed nuts unsalted","serving",1,30,"null",173,6,15,5,0,0,0,0,0,0,3,1,0,0,0,0,0,0,0,0,0,0,0,0,0,0,0,0,0
2025-07-08T20:13:42.145Z,2025-07-08T16:13:42,"watermelon","cup",1,152,"null",46,11.6,0.2,0.9,0,0,0,0,0,0,0.4,9.4,0,0,0,0,0,0,0,0,0,0,0,0,0,0,0,0,0
2025-07-08T18:36:47.220Z,2025-07-08T14:36:47,"Pork Ribs","ribs",3,150,"null",450,0,36,30,0,0,0,0,0,0,0,0,0,0,0,0,0,0,0,0,0,0,0,0,0,0,0,0,0
2025-07-08T18:36:47.220Z,2025-07-08T14:36:47,"Peach","medium peach",1,150,"null",59,15,0.4,1,0,0,0,0,0,0,2.3,13,0,0,0,0,0,0,0,0,0,0,0,0,0,0,0,0,0
2025-07-08T16:15:38.623Z,2025-07-08T12:15:38,"Cocovia Cocoflavanols","serving",1,5,"null",20,5,0,0,0,0,0,0,0,0,0,0,0,0,0,0,0,0,0,0,0,0,0,0,0,0,0,0,0
2025-07-08T16:15:38.623Z,2025-07-08T12:15:38,"Ripple Pea Protein Milk","cup",1,240,"null",100,15,4,8,0,0,0,0,0,0,1,0,0,0,0,0,0,0,0,0,0,0,0,0,0,0,0,0,0
2025-07-08T16:15:38.623Z,2025-07-08T12:15:38,"Honey","teaspoon",1,4,"null",12,3,0,0,0,0,0,0,0,0,0,3,3,0,0,0,0,0,0,0,0,0,0,0,0,0,0,0,0
2025-07-08T16:15:38.623Z,2025-07-08T12:15:38,"Ground Chia and Flax Seeds","tablespoon",1,12,"null",60,4,4,2,0,0,0,0,0,0,4,0,0,0,0,0,0,0,0,0,0,0,0,0,0,0,0,0,0
2025-07-08T12:56:23.421Z,2025-07-08T08:56:23,"Matcha","kg",0.004,4,"null",0,0,0,0,0,0,0,0,0,0,0,0,0,0,0,0,0,0,0,0,0,0,0,0,0,0,0,0,0
2025-07-08T12:56:23.421Z,2025-07-08T08:56:23,"Ripple Pea Protein Milk","cup",1,240,"null",100,6,4,8,0,0,0,0,0,0,2,2,0,0,0,0,0,0,0,0,0,0,0,0,0,0,0,0,0
2025-07-08T12:06:19.543Z,2025-07-08T08:06:19,"Eggs","egg",4,240,"null",320,2,22,28,0,0,0,0,0,0,0,0,0,0,0,0,0,0,0,0,0,0,0,0,0,0,0,0,0
2025-07-08T12:06:19.543Z,2025-07-08T08:06:19,"Olive Oil","tablespoon",0.5,6.75,"null",60,0,7,0,0,0,0,0,0,0,0,0,0,0,0,0,0,0,0,0,0,0,0,0,0,0,0,0,0
2025-07-08T12:06:19.543Z,2025-07-08T08:06:19,"Sriracha","tablespoon",1,15,"null",5,1,0,0,0,0,0,0,0,0,0,1,1,0,0,0,0,0,0,0,0,0,0,0,0,0,0,0,0
2025-07-08T12:06:19.543Z,2025-07-08T08:06:19,"White Rice","cup",1,158,"null",205,45,0.4,4,0,0,0,0,0,0,0.6,0.1,0,0,0,0,0,0,0,0,0,0,0,0,0,0,0,0,0
2025-07-08T12:06:19.543Z,2025-07-08T08:06:19,"Grapes","cup",1,151,"null",104,27,0.2,1,0,0,0,0,0,0,1.4,23,0,0,0,0,0,0,0,0,0,0,0,0,0,0,0,0,0
2025-07-08T10:37:06.893Z,2025-07-08T06:37:06,"watermelon","cup",1,152,"null",46,11.6,0.2,0.9,0,0,0,0,0,0,0.4,9.4,0,0,0,0,0,0,0,0,0,0,0,0,0,0,0,0,0
2025-07-08T00:19:38.410Z,2025-07-07T20:19:38,"lamb chop","piece",0.5,42.5,"null",125,0,9,12.5,0,0,0,0,0,0,0,0,0,0,0,0,0,0,0,0,0,0,0,0,0,0,0,0,0
2025-07-07T18:50:09.288Z,2025-07-07T14:50:09,"tomato sauce","g",100,100,"null",28,6,0.4,0.8,0,0,0,0,0,0,0.8,2,0,0,0,0,0,0,0,0,0,0,0,0,0,0,0,0,0
2025-07-07T18:50:09.288Z,2025-07-07T14:50:09,"red grapes","cup",1,150,"null",104,27,0,1,0,0,0,0,0,0,1,23,0,0,0,0,0,0,0,0,0,0,0,0,0,0,0,0,0
2025-07-07T18:50:09.288Z,2025-07-07T14:50:09,"chickpeas","cup",0.5,60,"null",105,17.5,1.5,5.5,0,0,0,0,0,0,4.5,0.5,0,0,0,0,0,0,0,0,0,0,0,0,0,0,0,0,0
2025-07-07T18:50:09.288Z,2025-07-07T14:50:09,"penne pasta","cup",1,200,"null",200,42,1,7,0,0,0,0,0,0,2,1,0,0,0,0,0,0,0,0,0,0,0,0,0,0,0,0,0
2025-07-07T18:50:09.288Z,2025-07-07T14:50:09,"white cabbage","cup",1,60,"null",14,3,0,1,0,0,0,0,0,0,2,2,0,0,0,0,0,0,0,0,0,0,0,0,0,0,0,0,0
2025-07-07T18:50:09.288Z,2025-07-07T14:50:09,"pork thighs","cup",1,150,"null",300,0,20,25,0,0,0,0,0,0,0,0,0,0,0,0,0,0,0,0,0,0,0,0,0,0,0,0,0
2025-07-07T15:10:25.792Z,2025-07-07T11:10:25,"Cocoa Flavanols","oz",1,28.3,"null",74.429,17.0366,3.1979,0,0,0,0,0,0,127.633,4.245,0,0,0,0,10.6408,384.88,0,0,0,0,0,0,0,0,0,0,0,0
2025-07-07T15:10:25.792Z,2025-07-07T11:10:25,"Honey","gram",4,4,"null",63.84,17.304,0,0.063,0,0,0,0,0,0.84,0.042,17.2452,0,0,1.26,0.0882,10.92,0,0.105,0,0,0,0,0.005,0,0,0.42,0.84,0
2025-07-07T15:10:25.792Z,2025-07-07T11:10:25,"Ground Flax Seeds","gram",12,12,"null",112.14,6.0648,8.8536,3.8409,0.7692,0,1.5807,6.0333,0,6.3,5.733,0.3255,0,0,53.55,1.2033,170.73,0,0.126,0,0,0,0,0.0993,0.0651,0,82.32,134.82,0
2025-07-07T15:10:25.792Z,2025-07-07T11:10:25,"Ground Cinnamon","stick whole",1,1.3,"null",3.211,1.0477,0.0161,0.0519,0.0045,0,0.0032,0.0009,0,0.13,0.6903,0.0282,0,0,13.026,0.1082,5.603,3.835,0.0494,0,0,0,0,0.0021,0.0302,0,0.78,0.832,0
2025-07-07T15:10:25.792Z,2025-07-07T11:10:25,"Soy Milk","cup",1,244,"null",105,12,4,8,1,0,0,0,0,115,0,0,0,5,300,1,298,0,0,0,0,0,0,0,0,0,0,0,0
2025-07-07T12:25:33.000Z,2025-07-07T08:25:33,"Slice of Rye Bread","slice, regular",1,32,"null",82.88,15.456,1.056,2.72,0.2003,0,0.4195,0.2557,0,192.96,1.856,1.232,0,0,23.36,0.9056,53.12,2.24,0.128,0,0,0,0,0.024,0.1056,0,12.8,40,0
2025-07-07T12:25:33.000Z,2025-07-07T08:25:33,"Boiled Eggs","large",2,128,"null",198.4,1.4336,13.5808,16.1024,4.1818,0,5.2186,1.8099,477.44,158.72,0,1.4336,0,2.816,64,1.5232,161.28,665.6,0,0,0,1.4208,0,0.1549,1.3184,0,12.8,220.16,0
2025-07-07T12:25:33.000Z,2025-07-07T08:25:33,"Olive Oil","tbsp",0.5,6.75,"null",119.34,0,13.5,0,1.8641,0,9.8497,1.4206,0,0.27,0,0,0,0,0.135,0.0756,0.135,0,0,0,0,0,0,0,1.9373,0,0,0,0
2025-07-07T12:25:33.000Z,2025-07-07T08:25:33,"Avocado","avocado",0.5,100.5,"null",321.6,17.1453,29.4666,4.02,4.2733,0,19.696,3.6502,0,14.07,13.467,1.3266,0,0,24.12,1.1055,974.85,0,20.1,0,0,0,0,0.5166,4.1607,0,58.29,104.52,0
2025-07-07T12:25:33.000Z,2025-07-07T08:25:33,"Generic Can of Tomato Sauce","cup",0.25,61.25,"null",29.4,6.5048,0.3675,1.47,0.0502,0,0.0539,0.1482,0,13.475,1.8375,4.361,0,0,17.15,1.176,363.825,532.875,8.575,0,0,0,0,0.1201,1.764,0,18.375,33.075,0
2025-07-07T12:25:33.000Z,2025-07-07T08:25:33,"Peaches","medium (2-2/3" dia)",1,150,"null",58.5,14.31,0.375,1.365,0.0285,0,0.1005,0.129,0,0,2.25,12.585,0,0,9,0.375,285,489,9.9,0,0,0,0,0.0375,1.095,0,13.5,30,0